date,pv-generation,consumed-energy,battery-charge,battery-discharge,imported-energy,exported-energy,date,month,quarter,year,year_quarter,costs_import_loss,costs_export_win,costs_consumed_without_PV,day_import,day_battery
2024-03-01,0.0,0.0,0.0,6.6,0.0,0.0,2024-03-01,3,1,2024,2024_Q1,0.0,0.0,0.0,No import,Discharging
2024-03-02,11.8,7.0,6.9,2.3,3.0,2.9,2024-03-02,3,1,2024,2024_Q1,1.2000000000000002,0.2378,2.8000000000000003,Import,Charging
2024-03-03,21.6,10.0,6.4,6.8,0.0,12.3,2024-03-03,3,1,2024,2024_Q1,0.0,1.0086000000000002,4.0,No import,Discharging
2024-03-04,3.5,9.0,1.6,4.0,0.0,0.2,2024-03-04,3,1,2024,2024_Q1,0.0,0.0164,3.6,No import,Discharging
2024-03-05,2.7,10.0,1.1,0.6,7.8,0.1,2024-03-05,3,1,2024,2024_Q1,3.12,0.0082,4.0,Import,Charging
2024-03-06,12.7,10.0,6.4,4.6,2.8,3.6,2024-03-06,3,1,2024,2024_Q1,1.1199999999999999,0.2952,4.0,Import,Charging
2024-03-07,12.8,10.0,6.8,5.4,1.6,2.8,2024-03-07,3,1,2024,2024_Q1,0.6400000000000001,0.2296,4.0,Import,Charging
2024-03-08,23.2,11.0,6.7,6.9,0.8,14.1,2024-03-08,3,1,2024,2024_Q1,0.32000000000000006,1.1562000000000001,4.4,Import < 1 kWh,Discharging
2024-03-09,22.3,12.0,7.0,4.2,1.4,8.7,2024-03-09,3,1,2024,2024_Q1,0.5599999999999999,0.7133999999999999,4.800000000000001,Import,Charging
2024-03-10,10.2,9.0,6.4,6.9,0.2,1.3,2024-03-10,3,1,2024,2024_Q1,0.08000000000000002,0.10660000000000001,3.6,Import < 1 kWh,Discharging
2024-03-11,8.1,14.0,4.9,6.5,4.2,0.2,2024-03-11,3,1,2024,2024_Q1,1.6800000000000002,0.0164,5.6000000000000005,Import,Discharging
2024-03-12,7.6,10.0,4.3,3.8,3.3,0.1,2024-03-12,3,1,2024,2024_Q1,1.32,0.0082,4.0,Import,Charging
2024-03-13,4.9,9.0,2.5,2.0,4.5,0.1,2024-03-13,3,1,2024,2024_Q1,1.8,0.0082,3.6,Import,Charging
2024-03-14,18.1,11.0,6.5,5.8,2.6,9.3,2024-03-14,3,1,2024,2024_Q1,1.04,0.7626000000000001,4.4,Import,Charging
2024-03-15,6.0,11.0,2.9,2.7,5.3,0.0,2024-03-15,3,1,2024,2024_Q1,2.12,0.0,4.4,Import,Charging
2024-03-16,14.9,15.0,7.9,7.2,3.3,0.0,2024-03-16,3,1,2024,2024_Q1,1.32,0.0,6.0,Import,Charging
2024-03-17,19.6,11.0,6.8,4.5,3.1,9.0,2024-03-17,3,1,2024,2024_Q1,1.2400000000000002,0.738,4.4,Import,Charging
2024-03-18,8.2,13.0,4.8,6.1,3.0,0.1,2024-03-18,3,1,2024,2024_Q1,1.2000000000000002,0.0082,5.2,Import,Discharging
2024-03-19,9.1,9.0,6.4,3.9,3.0,0.4,2024-03-19,3,1,2024,2024_Q1,1.2000000000000002,0.0328,3.6,Import,Charging
2024-03-20,23.1,11.0,6.4,6.1,0.7,12.7,2024-03-20,3,1,2024,2024_Q1,0.27999999999999997,1.0413999999999999,4.4,Import < 1 kWh,Charging
2024-03-21,22.1,12.0,6.7,7.0,1.4,11.8,2024-03-21,3,1,2024,2024_Q1,0.5599999999999999,0.9676000000000001,4.800000000000001,Import,Discharging
2024-03-22,13.9,12.0,6.9,6.4,2.4,3.4,2024-03-22,3,1,2024,2024_Q1,0.96,0.2788,4.800000000000001,Import,Charging
2024-03-23,12.0,12.0,7.2,5.3,3.9,1.7,2024-03-23,3,1,2024,2024_Q1,1.56,0.1394,4.800000000000001,Import,Charging
2024-03-24,10.6,10.0,6.5,5.0,1.5,1.4,2024-03-24,3,1,2024,2024_Q1,0.6000000000000001,0.1148,4.0,Import,Charging
2024-03-25,24.7,9.0,6.2,5.8,0.0,14.7,2024-03-25,3,1,2024,2024_Q1,0.0,1.2054,3.6,No import,Charging
2024-03-26,12.3,15.0,6.4,8.2,0.0,2.2,2024-03-26,3,1,2024,2024_Q1,0.0,0.18040000000000003,6.0,No import,Discharging
2024-03-27,13.4,9.0,7.1,4.1,2.4,3.3,2024-03-27,3,1,2024,2024_Q1,0.96,0.2706,3.6,Import,Charging
2024-03-28,8.8,8.0,6.0,5.2,0.4,0.2,2024-03-28,3,1,2024,2024_Q1,0.16000000000000003,0.0164,3.2,Import < 1 kWh,Charging
2024-03-29,3.4,10.0,1.3,3.4,4.2,0.1,2024-03-29,3,1,2024,2024_Q1,1.6800000000000002,0.0082,4.0,Import,Discharging
2024-03-30,7.4,10.0,3.9,3.3,3.0,0.1,2024-03-30,3,1,2024,2024_Q1,1.2000000000000002,0.0082,4.0,Import,Charging
2024-03-31,23.9,8.0,6.3,2.8,2.3,14.6,2024-03-31,3,1,2024,2024_Q1,0.9199999999999999,1.1972,3.2,Import,Charging
2024-04-01,6.0,9.0,3.3,6.2,0.4,0.1,2024-04-01,4,2,2024,2024_Q2,0.16000000000000003,0.0082,3.6,Import < 1 kWh,Discharging
2024-04-02,11.7,8.0,6.7,3.2,2.6,2.4,2024-04-02,4,2,2024,2024_Q2,1.04,0.1968,3.2,Import,Charging
2024-04-03,6.6,13.0,3.3,5.7,3.4,0.0,2024-04-03,4,2,2024,2024_Q2,1.36,0.0,5.2,Import,Discharging
2024-04-04,5.1,13.0,2.1,1.7,8.3,0.1,2024-04-04,4,2,2024,2024_Q2,3.3200000000000003,0.0082,5.2,Import,Charging
2024-04-05,16.2,7.0,6.4,2.3,2.4,7.1,2024-04-05,4,2,2024,2024_Q2,0.96,0.5822,2.8000000000000003,Import,Charging
2024-04-06,28.4,7.0,4.6,3.9,0.0,20.6,2024-04-06,4,2,2024,2024_Q2,0.0,1.6892000000000003,2.8000000000000003,No import,Charging
2024-04-07,21.1,10.0,4.7,6.3,0.0,12.5,2024-04-07,4,2,2024,2024_Q2,0.0,1.0250000000000001,4.0,No import,Discharging
2024-04-08,25.2,7.0,6.3,3.7,0.8,16.4,2024-04-08,4,2,2024,2024_Q2,0.32000000000000006,1.3448,2.8000000000000003,Import < 1 kWh,Charging
2024-04-09,5.5,8.0,2.8,5.2,0.0,0.1,2024-04-09,4,2,2024,2024_Q2,0.0,0.0082,3.2,No import,Discharging
2024-04-10,22.9,10.0,7.2,4.6,0.0,11.7,2024-04-10,4,2,2024,2024_Q2,0.0,0.9594,4.0,No import,Charging
2024-04-11,24.9,9.0,5.9,5.6,0.1,15.6,2024-04-11,4,2,2024,2024_Q2,0.04000000000000001,1.2792000000000001,3.6,Import < 1 kWh,Charging
2024-04-12,26.1,11.0,6.6,5.9,0.1,15.3,2024-04-12,4,2,2024,2024_Q2,0.04000000000000001,1.2546000000000002,4.4,Import < 1 kWh,Charging
2024-04-13,25.5,7.0,5.3,3.6,0.0,16.3,2024-04-13,4,2,2024,2024_Q2,0.0,1.3366,2.8000000000000003,No import,Charging
2024-04-14,27.0,10.0,4.7,5.8,0.0,18.4,2024-04-14,4,2,2024,2024_Q2,0.0,1.5088,4.0,No import,Discharging
2024-04-15,28.6,9.0,6.5,5.1,0.3,18.0,2024-04-15,4,2,2024,2024_Q2,0.12,1.476,3.6,Import < 1 kWh,Charging
2024-04-16,15.0,13.0,7.2,6.2,0.1,1.5,2024-04-16,4,2,2024,2024_Q2,0.04000000000000001,0.123,5.2,Import < 1 kWh,Charging
2024-04-17,17.7,11.0,6.1,6.0,0.1,7.3,2024-04-17,4,2,2024,2024_Q2,0.04000000000000001,0.5986,4.4,Import < 1 kWh,Charging
2024-04-18,17.4,9.0,6.9,5.2,0.1,5.9,2024-04-18,4,2,2024,2024_Q2,0.04000000000000001,0.48380000000000006,3.6,Import < 1 kWh,Charging
2024-04-19,6.9,10.0,4.1,6.1,0.6,0.2,2024-04-19,4,2,2024,2024_Q2,0.24,0.0164,4.0,Import < 1 kWh,Discharging
2024-04-20,19.9,9.0,6.7,4.7,0.5,9.3,2024-04-20,4,2,2024,2024_Q2,0.2,0.7626000000000001,3.6,Import < 1 kWh,Charging
2024-04-21,10.2,9.0,6.5,5.1,0.0,0.1,2024-04-21,4,2,2024,2024_Q2,0.0,0.0082,3.6,No import,Charging
2024-04-22,25.2,8.0,5.0,4.7,0.0,16.4,2024-04-22,4,2,2024,2024_Q2,0.0,1.3448,3.2,No import,Charging
2024-04-23,36.9,8.0,5.2,5.0,0.1,28.5,2024-04-23,4,2,2024,2024_Q2,0.04000000000000001,2.337,3.2,Import < 1 kWh,Charging
2024-04-24,22.2,10.0,6.2,5.1,0.1,11.8,2024-04-24,4,2,2024,2024_Q2,0.04000000000000001,0.9676000000000001,4.0,Import < 1 kWh,Charging
2024-04-25,22.0,8.0,5.8,4.7,0.0,12.6,2024-04-25,4,2,2024,2024_Q2,0.0,1.0332000000000001,3.2,No import,Charging
2024-04-26,23.3,9.0,4.7,3.9,0.0,13.9,2024-04-26,4,2,2024,2024_Q2,0.0,1.1398000000000001,3.6,No import,Charging
2024-04-27,28.7,8.0,4.7,4.3,0.0,19.8,2024-04-27,4,2,2024,2024_Q2,0.0,1.6236000000000002,3.2,No import,Charging
2024-04-28,15.0,10.0,5.0,6.4,0.0,6.4,2024-04-28,4,2,2024,2024_Q2,0.0,0.5248,4.0,No import,Discharging
2024-04-29,24.7,10.0,6.5,5.3,0.0,14.1,2024-04-29,4,2,2024,2024_Q2,0.0,1.1562000000000001,4.0,No import,Charging
2024-04-30,34.0,9.0,6.0,4.0,0.0,23.7,2024-04-30,4,2,2024,2024_Q2,0.0,1.9434,3.6,No import,Charging
2024-05-01,34.6,6.0,3.9,3.6,0.0,27.5,2024-05-01,5,2,2024,2024_Q2,0.0,2.255,2.4000000000000004,No import,Charging
2024-05-02,28.6,8.0,4.3,5.4,0.0,21.6,2024-05-02,5,2,2024,2024_Q2,0.0,1.7712,3.2,No import,Discharging
2024-05-03,9.9,14.0,5.4,7.1,0.0,0.1,2024-05-03,5,2,2024,2024_Q2,0.0,0.0082,5.6000000000000005,No import,Discharging
2024-05-04,20.4,10.0,7.8,3.2,1.3,6.8,2024-05-04,5,2,2024,2024_Q2,0.52,0.5576,4.0,Import,Charging
2024-05-05,25.6,8.0,4.3,3.7,0.1,17.1,2024-05-05,5,2,2024,2024_Q2,0.04000000000000001,1.4022000000000001,3.2,Import < 1 kWh,Charging
2024-05-06,6.0,11.0,2.7,6.1,1.3,0.0,2024-05-06,5,2,2024,2024_Q2,0.52,0.0,4.4,Import,Discharging
2024-05-07,14.5,10.0,6.9,4.2,2.3,0.0,2024-05-07,5,2,2024,2024_Q2,0.9199999999999999,0.0,4.0,Import,Charging
2024-05-08,21.4,10.0,6.5,6.1,0.4,11.2,2024-05-08,5,2,2024,2024_Q2,0.16000000000000003,0.9184,4.0,Import < 1 kWh,Charging
2024-05-09,38.6,8.0,6.2,3.9,0.2,28.2,2024-05-09,5,2,2024,2024_Q2,0.08000000000000002,2.3124000000000002,3.2,Import < 1 kWh,Charging
2024-05-10,39.0,7.0,4.4,4.1,0.0,31.8,2024-05-10,5,2,2024,2024_Q2,0.0,2.6076,2.8000000000000003,No import,Charging
2024-05-11,37.8,12.0,4.7,3.7,0.0,25.2,2024-05-11,5,2,2024,2024_Q2,0.0,2.0664000000000002,4.800000000000001,No import,Charging
2024-05-12,36.0,7.0,3.7,3.7,0.0,29.2,2024-05-12,5,2,2024,2024_Q2,0.0,2.3944,2.8000000000000003,No import,Charging
2024-05-13,34.8,7.0,4.5,3.8,0.0,27.0,2024-05-13,5,2,2024,2024_Q2,0.0,2.214,2.8000000000000003,No import,Charging
2024-05-14,35.5,8.0,4.2,5.0,0.0,28.4,2024-05-14,5,2,2024,2024_Q2,0.0,2.3288,3.2,No import,Discharging
2024-05-15,21.7,7.0,5.3,3.6,0.0,13.1,2024-05-15,5,2,2024,2024_Q2,0.0,1.0742,2.8000000000000003,No import,Charging
2024-05-16,25.0,10.0,5.2,5.8,0.0,15.4,2024-05-16,5,2,2024,2024_Q2,0.0,1.2628000000000001,4.0,No import,Discharging
2024-05-17,7.3,8.0,4.3,5.1,0.0,0.2,2024-05-17,5,2,2024,2024_Q2,0.0,0.0164,3.2,No import,Discharging
2024-05-18,15.6,9.0,6.4,5.1,0.0,6.3,2024-05-18,5,2,2024,2024_Q2,0.0,0.5166000000000001,3.6,No import,Charging
2024-05-19,13.0,13.0,7.7,8.3,0.4,0.3,2024-05-19,5,2,2024,2024_Q2,0.16000000000000003,0.0246,5.2,Import < 1 kWh,Discharging
2024-05-20,30.6,9.0,7.3,4.0,0.6,19.6,2024-05-20,5,2,2024,2024_Q2,0.24,1.6072000000000002,3.6,Import < 1 kWh,Charging
2024-05-21,15.2,9.0,4.8,6.3,0.0,7.0,2024-05-21,5,2,2024,2024_Q2,0.0,0.5740000000000001,3.6,No import,Discharging
2024-05-22,15.8,9.0,6.7,4.1,0.0,5.7,2024-05-22,5,2,2024,2024_Q2,0.0,0.46740000000000004,3.6,No import,Charging
2024-05-23,31.9,8.0,4.8,4.2,0.1,23.9,2024-05-23,5,2,2024,2024_Q2,0.04000000000000001,1.9598,3.2,Import < 1 kWh,Charging
2024-05-24,13.8,11.0,7.5,6.5,0.0,1.4,2024-05-24,5,2,2024,2024_Q2,0.0,0.1148,4.4,No import,Charging
2024-05-25,34.8,7.0,4.3,3.2,0.0,27.0,2024-05-25,5,2,2024,2024_Q2,0.0,2.214,2.8000000000000003,No import,Charging
2024-05-26,35.4,8.0,3.9,4.0,0.0,27.4,2024-05-26,5,2,2024,2024_Q2,0.0,2.2468,3.2,No import,Discharging
2024-05-27,31.4,8.0,4.5,4.0,0.1,22.7,2024-05-27,5,2,2024,2024_Q2,0.04000000000000001,1.8614,3.2,Import < 1 kWh,Charging
2024-05-28,29.3,8.0,4.4,3.8,0.0,21.6,2024-05-28,5,2,2024,2024_Q2,0.0,1.7712,3.2,No import,Charging
2024-05-29,12.6,7.0,5.1,4.1,0.0,4.4,2024-05-29,5,2,2024,2024_Q2,0.0,0.36080000000000007,2.8000000000000003,No import,Charging
2024-05-30,19.8,8.0,4.7,5.4,0.0,12.7,2024-05-30,5,2,2024,2024_Q2,0.0,1.0413999999999999,3.2,No import,Discharging
2024-05-31,19.0,9.0,6.0,4.8,0.1,8.9,2024-05-31,5,2,2024,2024_Q2,0.04000000000000001,0.7298,3.6,Import < 1 kWh,Charging
2024-06-01,12.4,10.0,5.8,5.8,0.1,2.1,2024-06-01,6,2,2024,2024_Q2,0.04000000000000001,0.17220000000000002,4.0,Import < 1 kWh,Charging
2024-06-02,15.7,10.0,6.1,4.6,0.0,4.4,2024-06-02,6,2,2024,2024_Q2,0.0,0.36080000000000007,4.0,No import,Charging
2024-06-03,29.8,8.0,4.6,4.3,0.0,21.6,2024-06-03,6,2,2024,2024_Q2,0.0,1.7712,3.2,No import,Charging
2024-06-04,32.8,9.0,4.4,4.6,0.0,24.2,2024-06-04,6,2,2024,2024_Q2,0.0,1.9844,3.6,No import,Discharging
2024-06-05,20.3,9.0,6.9,5.4,0.0,9.0,2024-06-05,6,2,2024,2024_Q2,0.0,0.738,3.6,No import,Charging
2024-06-06,37.0,9.0,4.2,3.7,0.1,27.8,2024-06-06,6,2,2024,2024_Q2,0.04000000000000001,2.2796000000000003,3.6,Import < 1 kWh,Charging
2024-06-07,36.5,8.0,4.3,3.5,0.1,27.8,2024-06-07,6,2,2024,2024_Q2,0.04000000000000001,2.2796000000000003,3.2,Import < 1 kWh,Charging
2024-06-08,41.9,8.0,3.8,3.1,0.0,33.1,2024-06-08,6,2,2024,2024_Q2,0.0,2.7142000000000004,3.2,No import,Charging
2024-06-09,39.5,10.0,3.7,5.2,0.0,31.4,2024-06-09,6,2,2024,2024_Q2,0.0,2.5748,4.0,No import,Discharging
2024-06-10,32.6,11.0,6.2,5.7,0.1,21.7,2024-06-10,6,2,2024,2024_Q2,0.04000000000000001,1.7794,4.4,Import < 1 kWh,Charging
2024-06-11,32.4,8.0,6.4,4.3,0.0,22.0,2024-06-11,6,2,2024,2024_Q2,0.0,1.804,3.2,No import,Charging
2024-06-12,33.3,15.0,5.1,6.4,0.0,20.1,2024-06-12,6,2,2024,2024_Q2,0.0,1.6482,6.0,No import,Discharging
2024-06-13,35.6,8.0,6.0,3.7,0.0,25.5,2024-06-13,6,2,2024,2024_Q2,0.0,2.091,3.2,No import,Charging
2024-06-14,8.5,9.0,4.9,5.4,0.0,0.2,2024-06-14,6,2,2024,2024_Q2,0.0,0.0164,3.6,No import,Discharging
2024-06-15,33.5,7.0,5.6,3.4,0.0,24.7,2024-06-15,6,2,2024,2024_Q2,0.0,2.0254,2.8000000000000003,No import,Charging
2024-06-16,22.2,8.0,3.7,4.7,0.0,14.5,2024-06-16,6,2,2024,2024_Q2,0.0,1.189,3.2,No import,Discharging
2024-06-17,24.2,9.0,7.1,5.1,0.1,13.4,2024-06-17,6,2,2024,2024_Q2,0.04000000000000001,1.0988,3.6,Import < 1 kWh,Charging
2024-06-18,28.3,14.0,6.1,7.3,0.0,15.9,2024-06-18,6,2,2024,2024_Q2,0.0,1.3038,5.6000000000000005,No import,Discharging
2024-06-19,10.9,8.0,6.0,5.0,0.0,1.2,2024-06-19,6,2,2024,2024_Q2,0.0,0.0984,3.2,No import,Charging
2024-06-20,28.3,7.0,5.1,3.3,0.0,19.7,2024-06-20,6,2,2024,2024_Q2,0.0,1.6154,2.8000000000000003,No import,Charging
2024-06-21,14.3,7.0,4.6,3.8,0.0,6.5,2024-06-21,6,2,2024,2024_Q2,0.0,0.533,2.8000000000000003,No import,Charging
2024-06-22,19.6,10.0,3.8,5.4,0.0,11.6,2024-06-22,6,2,2024,2024_Q2,0.0,0.9512,4.0,No import,Discharging
2024-06-23,26.5,11.0,6.3,3.7,0.0,13.3,2024-06-23,6,2,2024,2024_Q2,0.0,1.0906,4.4,No import,Charging
2024-06-24,41.0,7.0,3.8,4.0,0.0,33.9,2024-06-24,6,2,2024,2024_Q2,0.0,2.7798,2.8000000000000003,No import,Discharging
2024-06-25,41.7,6.0,4.4,3.3,0.0,34.2,2024-06-25,6,2,2024,2024_Q2,0.0,2.8044000000000002,2.4000000000000004,No import,Charging
2024-06-26,40.8,9.0,3.9,3.5,0.0,32.1,2024-06-26,6,2,2024,2024_Q2,0.0,2.6322,3.6,No import,Charging
2024-06-27,31.2,9.0,3.8,5.2,0.0,23.2,2024-06-27,6,2,2024,2024_Q2,0.0,1.9024,3.6,No import,Discharging
2024-06-28,30.2,7.0,5.7,3.6,0.0,20.9,2024-06-28,6,2,2024,2024_Q2,0.0,1.7138,2.8000000000000003,No import,Charging
2024-06-29,32.9,8.0,3.9,3.6,0.0,25.5,2024-06-29,6,2,2024,2024_Q2,0.0,2.091,3.2,No import,Charging
2024-06-30,11.1,9.0,6.1,6.0,0.0,1.6,2024-06-30,6,2,2024,2024_Q2,0.0,0.1312,3.6,No import,Charging
2024-07-01,28.9,12.0,6.3,6.0,0.1,16.9,2024-07-01,7,3,2024,2024_Q3,0.04000000000000001,1.3858,4.800000000000001,Import < 1 kWh,Charging
2024-07-02,13.9,8.0,5.2,4.9,0.0,5.3,2024-07-02,7,3,2024,2024_Q3,0.0,0.4346,3.2,No import,Charging
2024-07-03,17.2,8.0,6.0,3.9,0.0,7.2,2024-07-03,7,3,2024,2024_Q3,0.0,0.5904,3.2,No import,Charging
2024-07-04,20.5,8.0,5.5,5.2,0.0,12.1,2024-07-04,7,3,2024,2024_Q3,0.0,0.9922,3.2,No import,Charging
2024-07-05,18.7,8.0,4.3,3.5,0.0,10.1,2024-07-05,7,3,2024,2024_Q3,0.0,0.8282,3.2,No import,Charging
2024-07-06,23.7,10.0,4.2,3.7,0.0,13.5,2024-07-06,7,3,2024,2024_Q3,0.0,1.107,4.0,No import,Charging
2024-07-07,37.4,8.0,3.5,3.6,0.0,30.0,2024-07-07,7,3,2024,2024_Q3,0.0,2.46,3.2,No import,Discharging
2024-07-08,39.8,8.0,4.6,5.0,0.0,31.5,2024-07-08,7,3,2024,2024_Q3,0.0,2.583,3.2,No import,Discharging
2024-07-09,38.3,10.0,6.0,5.0,0.0,27.1,2024-07-09,7,3,2024,2024_Q3,0.0,2.2222000000000004,4.0,No import,Charging
2024-07-10,15.8,8.0,5.8,4.3,0.0,6.9,2024-07-10,7,3,2024,2024_Q3,0.0,0.5658000000000001,3.2,No import,Charging
2024-07-11,29.3,9.0,4.8,5.5,0.0,20.8,2024-07-11,7,3,2024,2024_Q3,0.0,1.7056000000000002,3.6,No import,Discharging
2024-07-12,28.1,10.0,6.8,4.8,0.0,16.6,2024-07-12,7,3,2024,2024_Q3,0.0,1.3612000000000002,4.0,No import,Charging
2024-07-13,27.1,6.0,4.0,3.4,0.0,20.1,2024-07-13,7,3,2024,2024_Q3,0.0,1.6482,2.4000000000000004,No import,Charging
2024-07-14,36.1,8.0,3.6,3.3,0.0,28.4,2024-07-14,7,3,2024,2024_Q3,0.0,2.3288,3.2,No import,Charging
2024-07-15,38.4,8.0,4.2,3.8,0.0,29.5,2024-07-15,7,3,2024,2024_Q3,0.0,2.419,3.2,No import,Charging
2024-07-16,29.2,11.0,4.8,5.9,0.0,19.9,2024-07-16,7,3,2024,2024_Q3,0.0,1.6318,4.4,No import,Discharging
2024-07-17,22.8,8.0,6.1,4.6,0.0,12.9,2024-07-17,7,3,2024,2024_Q3,0.0,1.0578,3.2,No import,Charging
2024-07-18,35.1,12.0,5.6,5.6,0.0,23.2,2024-07-18,7,3,2024,2024_Q3,0.0,1.9024,4.800000000000001,No import,Charging
2024-07-19,33.7,18.0,6.2,8.3,1.8,19.7,2024-07-19,7,3,2024,2024_Q3,0.7200000000000001,1.6154,7.2,Import,Discharging
2024-07-20,37.2,7.0,6.5,2.0,2.0,28.1,2024-07-20,7,3,2024,2024_Q3,0.8,2.3042000000000002,2.8000000000000003,Import,Charging
2024-07-21,22.4,7.0,4.0,4.0,0.1,14.8,2024-07-21,7,3,2024,2024_Q3,0.04000000000000001,1.2136,2.8000000000000003,Import < 1 kWh,Charging
2024-07-22,28.4,9.0,6.2,5.2,0.1,18.3,2024-07-22,7,3,2024,2024_Q3,0.04000000000000001,1.5006000000000002,3.6,Import < 1 kWh,Charging
2024-07-23,25.0,10.0,5.2,5.7,0.1,15.8,2024-07-23,7,3,2024,2024_Q3,0.04000000000000001,1.2956,4.0,Import < 1 kWh,Discharging
2024-07-24,28.5,7.0,5.3,3.5,0.0,19.8,2024-07-24,7,3,2024,2024_Q3,0.0,1.6236000000000002,2.8000000000000003,No import,Charging
2024-07-25,33.5,9.0,4.5,4.7,0.0,24.3,2024-07-25,7,3,2024,2024_Q3,0.0,1.9926000000000001,3.6,No import,Discharging
2024-07-26,10.0,10.0,5.8,5.1,0.0,0.1,2024-07-26,7,3,2024,2024_Q3,0.0,0.0082,4.0,No import,Charging
2024-07-27,12.2,10.0,7.1,6.5,0.6,1.6,2024-07-27,7,3,2024,2024_Q3,0.24,0.1312,4.0,Import < 1 kWh,Charging
2024-07-28,23.6,9.0,4.5,4.7,0.0,15.3,2024-07-28,7,3,2024,2024_Q3,0.0,1.2546000000000002,3.6,No import,Discharging
2024-07-29,38.4,9.0,5.7,5.7,0.0,29.8,2024-07-29,7,3,2024,2024_Q3,0.0,2.4436,3.6,No import,Charging
2024-07-30,34.0,7.0,6.3,4.4,0.0,24.7,2024-07-30,7,3,2024,2024_Q3,0.0,2.0254,2.8000000000000003,No import,Charging
2024-07-31,30.4,7.0,5.1,4.0,0.0,22.3,2024-07-31,7,3,2024,2024_Q3,0.0,1.8286000000000002,2.8000000000000003,No import,Charging
2024-08-01,11.5,7.0,4.3,4.0,0.0,4.3,2024-08-01,8,3,2024,2024_Q3,0.0,0.3526,2.8000000000000003,No import,Charging
2024-08-02,21.4,12.0,5.3,5.3,0.0,9.5,2024-08-02,8,3,2024,2024_Q3,0.0,0.779,4.800000000000001,No import,Charging
2024-08-03,24.8,8.0,5.3,4.5,0.0,16.5,2024-08-03,8,3,2024,2024_Q3,0.0,1.353,3.2,No import,Charging
2024-08-04,15.0,8.0,4.7,3.9,0.0,6.1,2024-08-04,8,3,2024,2024_Q3,0.0,0.5002,3.2,No import,Charging
2024-08-05,33.0,9.0,4.4,6.0,0.0,25.1,2024-08-05,8,3,2024,2024_Q3,0.0,2.0582000000000003,3.6,No import,Discharging
2024-08-06,33.4,8.0,6.3,3.7,0.3,23.6,2024-08-06,8,3,2024,2024_Q3,0.12,1.9352000000000003,3.2,Import < 1 kWh,Charging
2024-08-07,21.6,9.0,5.3,4.5,0.0,11.9,2024-08-07,8,3,2024,2024_Q3,0.0,0.9758000000000001,3.6,No import,Charging
2024-08-08,26.3,7.0,4.5,4.3,0.0,18.9,2024-08-08,8,3,2024,2024_Q3,0.0,1.5497999999999998,2.8000000000000003,No import,Charging
2024-08-09,20.8,8.0,4.9,4.5,0.0,12.3,2024-08-09,8,3,2024,2024_Q3,0.0,1.0086000000000002,3.2,No import,Charging
2024-08-10,34.4,7.0,5.1,4.3,0.0,26.6,2024-08-10,8,3,2024,2024_Q3,0.0,2.1812,2.8000000000000003,No import,Charging
2024-08-11,33.9,9.0,4.3,4.3,0.0,25.4,2024-08-11,8,3,2024,2024_Q3,0.0,2.0827999999999998,3.6,No import,Charging
2024-08-12,32.0,9.0,5.1,5.4,0.0,22.7,2024-08-12,8,3,2024,2024_Q3,0.0,1.8614,3.6,No import,Discharging
2024-08-13,30.9,12.0,6.1,6.7,0.1,19.5,2024-08-13,8,3,2024,2024_Q3,0.04000000000000001,1.599,4.800000000000001,Import < 1 kWh,Discharging
2024-08-14,20.6,8.0,6.7,3.4,0.7,10.3,2024-08-14,8,3,2024,2024_Q3,0.27999999999999997,0.8446000000000001,3.2,Import < 1 kWh,Charging
2024-08-15,25.1,9.0,4.4,5.1,0.0,17.0,2024-08-15,8,3,2024,2024_Q3,0.0,1.3940000000000001,3.6,No import,Discharging
2024-08-16,33.6,10.0,5.9,5.5,0.0,23.6,2024-08-16,8,3,2024,2024_Q3,0.0,1.9352000000000003,4.0,No import,Charging
2024-08-17,20.1,11.0,6.7,6.6,0.1,8.9,2024-08-17,8,3,2024,2024_Q3,0.04000000000000001,0.7298,4.4,Import < 1 kWh,Charging
2024-08-18,14.5,8.0,6.4,4.2,0.3,4.9,2024-08-18,8,3,2024,2024_Q3,0.12,0.40180000000000005,3.2,Import < 1 kWh,Charging
2024-08-19,22.8,9.0,5.0,6.2,0.1,14.5,2024-08-19,8,3,2024,2024_Q3,0.04000000000000001,1.189,3.6,Import < 1 kWh,Discharging
2024-08-20,24.7,11.0,6.9,4.7,0.4,12.2,2024-08-20,8,3,2024,2024_Q3,0.16000000000000003,1.0004,4.4,Import < 1 kWh,Charging
2024-08-21,26.3,8.0,5.1,4.1,0.0,17.5,2024-08-21,8,3,2024,2024_Q3,0.0,1.435,3.2,No import,Charging
2024-08-22,27.0,7.0,4.7,4.6,0.0,19.6,2024-08-22,8,3,2024,2024_Q3,0.0,1.6072000000000002,2.8000000000000003,No import,Charging
2024-08-23,29.4,7.0,5.0,3.9,0.0,21.0,2024-08-23,8,3,2024,2024_Q3,0.0,1.722,2.8000000000000003,No import,Charging
2024-08-24,29.7,10.0,4.8,5.7,0.0,21.0,2024-08-24,8,3,2024,2024_Q3,0.0,1.722,4.0,No import,Discharging
2024-08-25,26.1,8.0,6.2,5.2,0.0,16.8,2024-08-25,8,3,2024,2024_Q3,0.0,1.3776000000000002,3.2,No import,Charging
2024-08-26,30.3,11.0,5.8,6.4,0.0,20.4,2024-08-26,8,3,2024,2024_Q3,0.0,1.6728,4.4,No import,Discharging
2024-08-27,29.8,12.0,6.4,5.7,0.4,18.0,2024-08-27,8,3,2024,2024_Q3,0.16000000000000003,1.476,4.800000000000001,Import < 1 kWh,Charging
2024-08-28,28.8,6.0,6.1,4.0,0.5,20.3,2024-08-28,8,3,2024,2024_Q3,0.2,1.6646,2.4000000000000004,Import < 1 kWh,Charging
2024-08-29,28.3,9.0,5.0,5.3,0.1,19.7,2024-08-29,8,3,2024,2024_Q3,0.04000000000000001,1.6154,3.6,Import < 1 kWh,Discharging
2024-08-30,23.1,9.0,5.9,5.2,0.1,14.0,2024-08-30,8,3,2024,2024_Q3,0.04000000000000001,1.1480000000000001,3.6,Import < 1 kWh,Charging
2024-08-31,27.1,8.0,5.9,4.7,0.0,17.7,2024-08-31,8,3,2024,2024_Q3,0.0,1.4514,3.2,No import,Charging
2024-09-01,26.6,9.0,4.9,4.5,0.0,17.8,2024-09-01,9,3,2024,2024_Q3,0.0,1.4596,3.6,No import,Charging
2024-09-02,25.5,9.0,5.4,5.5,0.0,16.7,2024-09-02,9,3,2024,2024_Q3,0.0,1.3694,3.6,No import,Discharging
2024-09-03,26.0,9.0,6.2,5.4,0.0,16.2,2024-09-03,9,3,2024,2024_Q3,0.0,1.3284,3.6,No import,Charging
2024-09-04,13.3,10.0,6.1,7.3,0.0,4.4,2024-09-04,9,3,2024,2024_Q3,0.0,0.36080000000000007,4.0,No import,Discharging
2024-09-05,26.4,9.0,6.3,4.9,0.0,17.0,2024-09-05,9,3,2024,2024_Q3,0.0,1.3940000000000001,3.6,No import,Charging
2024-09-06,8.6,12.0,5.3,4.7,4.3,0.0,2024-09-06,9,3,2024,2024_Q3,1.72,0.0,4.800000000000001,Import,Charging
2024-09-07,27.7,7.0,4.8,2.4,1.9,20.2,2024-09-07,9,3,2024,2024_Q3,0.76,1.6564,2.8000000000000003,Import,Charging
2024-09-08,5.6,11.0,3.1,6.3,2.2,0.1,2024-09-08,9,3,2024,2024_Q3,0.8800000000000001,0.0082,4.4,Import,Discharging
2024-09-09,11.8,11.0,6.9,4.9,3.8,2.2,2024-09-09,9,3,2024,2024_Q3,1.52,0.18040000000000003,4.4,Import,Charging
2024-09-10,14.6,8.0,6.4,4.0,1.1,5.3,2024-09-10,9,3,2024,2024_Q3,0.44000000000000006,0.4346,3.2,Import,Charging
2024-09-11,10.6,12.0,6.4,8.3,0.2,1.4,2024-09-11,9,3,2024,2024_Q3,0.08000000000000002,0.1148,4.800000000000001,Import < 1 kWh,Discharging
2024-09-12,12.3,8.0,6.7,3.1,2.2,2.7,2024-09-12,9,3,2024,2024_Q3,0.8800000000000001,0.2214,3.2,Import,Charging
2024-09-13,17.4,8.0,5.5,5.2,0.0,8.6,2024-09-13,9,3,2024,2024_Q3,0.0,0.7052,3.2,No import,Charging
2024-09-14,15.8,10.0,6.9,6.3,0.0,5.8,2024-09-14,9,3,2024,2024_Q3,0.0,0.4756,4.0,No import,Charging
2024-09-15,19.8,12.0,6.3,8.8,0.9,11.1,2024-09-15,9,3,2024,2024_Q3,0.36000000000000004,0.9102,4.800000000000001,Import < 1 kWh,Discharging
2024-09-16,2.7,20.0,0.5,0.0,17.7,0.0,2024-09-16,9,3,2024,2024_Q3,7.08,0.0,8.0,Import,Charging
2024-09-17,16.3,12.0,6.5,0.0,3.3,0.0,2024-09-17,9,3,2024,2024_Q3,1.32,0.0,4.800000000000001,Import,Charging
2024-09-18,23.9,11.0,6.4,5.2,2.1,13.7,2024-09-18,9,3,2024,2024_Q3,0.8400000000000001,1.1234,4.4,Import,Charging
2024-09-19,24.4,12.0,6.4,5.7,1.5,13.3,2024-09-19,9,3,2024,2024_Q3,0.6000000000000001,1.0906,4.800000000000001,Import,Charging
2024-09-20,24.1,9.0,6.2,5.2,1.3,14.9,2024-09-20,9,3,2024,2024_Q3,0.52,1.2218,3.6,Import,Charging
2024-09-21,24.3,10.0,6.2,5.7,1.3,15.0,2024-09-21,9,3,2024,2024_Q3,0.52,1.23,4.0,Import,Charging
2024-09-22,21.8,9.0,6.3,4.2,1.4,12.3,2024-09-22,9,3,2024,2024_Q3,0.5599999999999999,1.0086000000000002,3.6,Import,Charging
2024-09-23,7.4,11.0,4.9,7.0,1.4,0.1,2024-09-23,9,3,2024,2024_Q3,0.5599999999999999,0.0082,4.4,Import,Discharging
2024-09-24,7.3,10.0,4.7,3.1,4.5,0.3,2024-09-24,9,3,2024,2024_Q3,1.8,0.0246,4.0,Import,Charging
2024-09-25,4.9,9.0,2.8,2.3,4.2,0.0,2024-09-25,9,3,2024,2024_Q3,1.6800000000000002,0.0,3.6,Import,Charging
2024-09-26,2.5,8.0,1.0,0.7,6.1,0.0,2024-09-26,9,3,2024,2024_Q3,2.44,0.0,3.2,Import,Charging
2024-09-27,15.1,13.0,6.7,6.6,2.5,4.0,2024-09-27,9,3,2024,2024_Q3,1.0,0.328,5.2,Import,Charging
2024-09-28,14.7,11.0,7.3,3.8,2.5,3.1,2024-09-28,9,3,2024,2024_Q3,1.0,0.25420000000000004,4.4,Import,Charging
2024-09-29,21.4,9.0,6.3,5.7,0.1,11.8,2024-09-29,9,3,2024,2024_Q3,0.04000000000000001,0.9676000000000001,3.6,Import < 1 kWh,Charging
2024-09-30,2.95,10.0,1.4,4.1,4.4,0.1,2024-09-30,9,3,2024,2024_Q3,1.7600000000000002,0.0082,4.0,Import,Discharging
2024-10-01,8.75,10.0,5.5,4.1,3.3,0.2,2024-10-01,10,4,2024,2024_Q4,1.32,0.0164,4.0,Import,Charging
2024-10-02,6.9,9.0,4.8,4.0,2.9,0.1,2024-10-02,10,4,2024,2024_Q4,1.16,0.0082,3.6,Import,Charging
2024-10-03,5.6,10.0,3.4,3.6,4.2,0.1,2024-10-03,10,4,2024,2024_Q4,1.6800000000000002,0.0082,4.0,Import,Discharging
2024-10-04,8.1,13.0,4.9,4.4,5.6,0.1,2024-10-04,10,4,2024,2024_Q4,2.2399999999999998,0.0082,5.2,Import,Charging
2024-10-05,16.9,10.0,6.5,3.2,3.2,6.7,2024-10-05,10,4,2024,2024_Q4,1.2800000000000002,0.5494,4.0,Import,Charging
2024-10-06,11.2,9.0,6.4,5.6,0.4,2.6,2024-10-06,10,4,2024,2024_Q4,0.16000000000000003,0.21320000000000003,3.6,Import < 1 kWh,Charging
2024-10-07,3.5,10.0,1.4,3.8,4.5,0.0,2024-10-07,10,4,2024,2024_Q4,1.8,0.0,4.0,Import,Discharging
2024-10-08,2.8,10.0,0.9,0.5,8.1,0.0,2024-10-08,10,4,2024,2024_Q4,3.24,0.0,4.0,Import,Charging
2024-10-09,3.0,13.0,1.4,1.1,9.6,0.0,2024-10-09,10,4,2024,2024_Q4,3.84,0.0,5.2,Import,Charging
2024-10-10,5.8,11.0,3.5,3.1,6.0,0.0,2024-10-10,10,4,2024,2024_Q4,2.4000000000000004,0.0,4.4,Import,Charging
2024-10-11,13.8,8.0,6.1,2.9,2.7,5.2,2024-10-11,10,4,2024,2024_Q4,1.08,0.42640000000000006,3.2,Import,Charging
2024-10-12,10.0,7.0,6.2,5.2,0.1,1.9,2024-10-12,10,4,2024,2024_Q4,0.04000000000000001,0.1558,2.8000000000000003,Import < 1 kWh,Charging
2024-10-13,12.8,10.0,6.0,7.1,0.0,4.7,2024-10-13,10,4,2024,2024_Q4,0.0,0.3854,4.0,No import,Discharging
2024-10-14,5.9,9.0,3.4,4.3,0.0,0.1,2024-10-14,10,4,2024,2024_Q4,0.0,0.0082,3.6,No import,Discharging
2024-10-15,3.1,9.0,0.9,0.6,6.7,0.1,2024-10-15,10,4,2024,2024_Q4,2.68,0.0082,3.6,Import,Charging
2024-10-16,12.0,8.0,5.9,3.1,2.9,4.1,2024-10-16,10,4,2024,2024_Q4,1.16,0.3362,3.2,Import,Charging
2024-10-17,9.2,13.0,6.2,7.9,2.4,0.1,2024-10-17,10,4,2024,2024_Q4,0.96,0.0082,5.2,Import,Discharging
2024-10-18,5.2,9.0,3.1,2.7,3.6,0.0,2024-10-18,10,4,2024,2024_Q4,1.4400000000000002,0.0,3.6,Import,Charging
2024-10-19,4.4,8.0,3.0,2.5,4.9,0.0,2024-10-19,10,4,2024,2024_Q4,1.9600000000000002,0.0,3.2,Import,Charging
2024-10-20,3.3,9.0,1.3,1.0,5.8,0.0,2024-10-20,10,4,2024,2024_Q4,2.32,0.0,3.6,Import,Charging
2024-10-21,14.0,10.0,5.8,5.3,2.6,0.0,2024-10-21,10,4,2024,2024_Q4,1.04,0.0,4.0,Import,Charging
2024-10-22,9.7,9.0,6.4,5.4,2.8,1.85,2024-10-22,10,4,2024,2024_Q4,1.1199999999999999,0.1517,3.6,Import,Charging
2024-10-23,17.3,11.0,6.2,6.2,3.0,9.25,2024-10-23,10,4,2024,2024_Q4,1.2000000000000002,0.7585000000000001,4.4,Import,Charging
2024-10-24,4.0,9.0,2.5,2.0,5.6,0.0,2024-10-24,10,4,2024,2024_Q4,2.2399999999999998,0.0,3.6,Import,Charging
2024-10-25,13.8,10.0,6.3,4.4,3.0,5.0,2024-10-25,10,4,2024,2024_Q4,1.2000000000000002,0.41000000000000003,4.0,Import,Charging
2024-10-26,3.4,10.0,1.8,2.8,5.6,0.1,2024-10-26,10,4,2024,2024_Q4,2.2399999999999998,0.0082,4.0,Import,Discharging
2024-10-27,5.4,11.0,3.3,2.8,5.8,0.0,2024-10-27,10,4,2024,2024_Q4,2.32,0.0,4.4,Import,Charging
2024-10-28,3.1,8.0,1.6,1.3,5.5,0.0,2024-10-28,10,4,2024,2024_Q4,2.2,0.0,3.2,Import,Charging
2024-10-29,4.0,9.0,2.3,1.9,5.7,0.0,2024-10-29,10,4,2024,2024_Q4,2.2800000000000002,0.0,3.6,Import,Charging
2024-10-30,3.7,11.0,1.9,1.6,7.2,0.0,2024-10-30,10,4,2024,2024_Q4,2.8800000000000003,0.0,4.4,Import,Charging
2024-10-31,2.0,10.0,0.5,0.3,8.0,0.1,2024-10-31,10,4,2024,2024_Q4,3.2,0.0082,4.0,Import,Charging
2024-11-01,1.2,8.0,0.3,0.0,7.9,0.0,2024-11-01,11,4,2024,2024_Q4,3.16,0.0,3.2,Import,Charging
2024-11-02,3.9,8.0,2.5,0.0,4.1,0.0,2024-11-02,11,4,2024,2024_Q4,1.64,0.0,3.2,Import,Charging
2024-11-03,14.2,8.0,5.7,3.6,2.6,6.9,2024-11-03,11,4,2024,2024_Q4,1.04,0.5658000000000001,3.2,Import,Charging
2024-11-04,12.3,16.0,6.1,7.4,6.3,4.0,2024-11-04,11,4,2024,2024_Q4,2.52,0.328,6.4,Import,Discharging
2024-11-05,3.0,12.0,1.1,0.7,9.8,0.0,2024-11-05,11,4,2024,2024_Q4,3.9200000000000004,0.0,4.800000000000001,Import,Charging
2024-11-06,1.8,12.0,0.5,0.1,10.0,0.0,2024-11-06,11,4,2024,2024_Q4,4.0,0.0,4.800000000000001,Import,Charging
2024-11-07,1.4,9.0,0.2,0.0,8.6,0.0,2024-11-07,11,4,2024,2024_Q4,3.44,0.0,3.6,Import,Charging
2024-11-08,1.8,10.0,0.4,0.0,8.1,0.0,2024-11-08,11,4,2024,2024_Q4,3.24,0.0,4.0,Import,Charging
2024-11-09,1.5,11.0,0.2,0.0,9.7,0.0,2024-11-09,11,4,2024,2024_Q4,3.88,0.0,4.4,Import,Charging
2024-11-10,1.1,12.0,0.3,0.0,11.2,0.0,2024-11-10,11,4,2024,2024_Q4,4.4799999999999995,0.0,4.800000000000001,Import,Charging
2024-11-11,1.1,11.0,0.1,0.0,9.7,0.0,2024-11-11,11,4,2024,2024_Q4,3.88,0.0,4.4,Import,Charging
2024-11-12,2.8,11.0,1.6,0.0,9.1,0.0,2024-11-12,11,4,2024,2024_Q4,3.64,0.0,4.4,Import,Charging
2024-11-13,1.1,6.0,0.2,0.0,5.0,0.0,2024-11-13,11,4,2024,2024_Q4,2.0,0.0,2.4000000000000004,Import,Charging
2024-11-14,0.0,0.0,0.0,0.0,0.0,0.0,2024-11-14,11,4,2024,2024_Q4,0.0,0.0,0.0,No import,Charging
2024-11-15,0.0,0.0,0.0,0.0,0.0,0.0,2024-11-15,11,4,2024,2024_Q4,0.0,0.0,0.0,No import,Charging
2024-11-16,0.0,0.0,0.0,0.0,0.0,0.0,2024-11-16,11,4,2024,2024_Q4,0.0,0.0,0.0,No import,Charging
2024-11-17,0.0,0.0,0.0,0.0,0.0,0.0,2024-11-17,11,4,2024,2024_Q4,0.0,0.0,0.0,No import,Charging
2024-11-18,4.6,13.0,1.35,0.0,11.4,0.0,2024-11-18,11,4,2024,2024_Q4,4.5600000000000005,0.0,5.2,Import,Charging
2024-11-19,0.5,11.0,0.0,0.0,10.3,0.0,2024-11-19,11,4,2024,2024_Q4,4.12,0.0,4.4,Import,Charging
2024-11-20,2.0,9.0,0.0,0.0,8.3,0.0,2024-11-20,11,4,2024,2024_Q4,3.3200000000000003,0.0,3.6,Import,Charging
2024-11-21,2.3,11.0,0.8,0.5,8.4,0.0,2024-11-21,11,4,2024,2024_Q4,3.3600000000000003,0.0,4.4,Import,Charging
2024-11-22,7.0,9.0,4.9,4.2,3.0,0.0,2024-11-22,11,4,2024,2024_Q4,1.2000000000000002,0.0,3.6,Import,Charging
2024-11-23,2.8,9.0,1.5,1.6,6.5,0.1,2024-11-23,11,4,2024,2024_Q4,2.6,0.0082,3.6,Import,Discharging
2024-11-24,4.0,11.0,1.8,1.5,7.2,0.0,2024-11-24,11,4,2024,2024_Q4,2.8800000000000003,0.0,4.4,Import,Charging
2024-11-25,1.7,14.0,0.4,0.1,12.7,0.0,2024-11-25,11,4,2024,2024_Q4,5.08,0.0,5.6000000000000005,Import,Charging
2024-11-26,3.3,10.0,1.6,1.2,7.4,0.0,2024-11-26,11,4,2024,2024_Q4,2.9600000000000004,0.0,4.0,Import,Charging
2024-11-27,2.1,9.0,0.9,0.6,6.8,0.0,2024-11-27,11,4,2024,2024_Q4,2.72,0.0,3.6,Import,Charging
2024-11-28,4.6,10.0,3.2,2.8,5.3,0.0,2024-11-28,11,4,2024,2024_Q4,2.12,0.0,4.0,Import,Charging
2024-11-29,5.9,9.0,4.4,3.9,4.6,0.0,2024-11-29,11,4,2024,2024_Q4,1.8399999999999999,0.0,3.6,Import,Charging
2024-11-30,8.2,10.0,5.5,4.7,2.9,0.0,2024-11-30,11,4,2024,2024_Q4,1.16,0.0,4.0,Import,Charging
2024-12-01,0.5,9.0,0.3,0.7,8.8,0.0,2024-12-01,12,4,2024,2024_Q4,3.5200000000000005,0.0,3.6,Import,Discharging
2024-12-02,0.7,11.0,0.3,0.0,10.2,0.0,2024-12-02,12,4,2024,2024_Q4,4.08,0.0,4.4,Import,Charging
2024-12-03,1.5,10.0,0.4,0.0,8.5,0.0,2024-12-03,12,4,2024,2024_Q4,3.4000000000000004,0.0,4.0,Import,Charging
2024-12-04,3.3,10.0,1.5,1.2,7.2,0.0,2024-12-04,12,4,2024,2024_Q4,2.8800000000000003,0.0,4.0,Import,Charging
2024-12-05,0.8,11.0,0.3,0.0,10.8,0.0,2024-12-05,12,4,2024,2024_Q4,4.32,0.0,4.4,Import,Charging
2024-12-06,2.0,10.0,0.6,0.0,8.4,0.0,2024-12-06,12,4,2024,2024_Q4,3.3600000000000003,0.0,4.0,Import,Charging
2024-12-07,0.0,9.0,5.7,3.9,11.0,0.0,2024-12-07,12,4,2024,2024_Q4,4.4,0.0,3.6,Import,Charging
2024-12-08,0.0,10.0,5.4,3.3,9.7,0.0,2024-12-08,12,4,2024,2024_Q4,3.88,0.0,4.0,Import,Charging
2024-12-09,1.0,10.0,3.2,2.6,9.7,0.1,2024-12-09,12,4,2024,2024_Q4,3.88,0.0082,4.0,Import,Charging
2024-12-10,0.4,12.0,2.9,4.0,10.2,0.0,2024-12-10,12,4,2024,2024_Q4,4.08,0.0,4.800000000000001,Import,Discharging
2024-12-11,0.1,12.0,0.0,0.0,12.5,0.0,2024-12-11,12,4,2024,2024_Q4,5.0,0.0,4.800000000000001,Import,Charging
2024-12-12,1.2,8.0,0.0,0.0,7.4,0.0,2024-12-12,12,4,2024,2024_Q4,2.9600000000000004,0.0,3.2,Import,Charging
2024-12-13,0.2,15.0,0.3,0.0,15.1,0.0,2024-12-13,12,4,2024,2024_Q4,6.04,0.0,6.0,Import,Charging
2024-12-14,0.4,9.0,0.0,0.0,8.6,0.0,2024-12-14,12,4,2024,2024_Q4,3.44,0.0,3.6,Import,Charging
2024-12-15,0.4,10.0,0.0,0.0,10.1,0.0,2024-12-15,12,4,2024,2024_Q4,4.04,0.0,4.0,Import,Charging
2024-12-16,0.9,11.0,0.4,0.0,9.9,0.0,2024-12-16,12,4,2024,2024_Q4,3.9600000000000004,0.0,4.4,Import,Charging
2024-12-17,1.2,10.0,0.2,0.0,8.7,0.0,2024-12-17,12,4,2024,2024_Q4,3.48,0.0,4.0,Import,Charging
2024-12-18,3.1,9.0,1.9,1.5,7.1,0.0,2024-12-18,12,4,2024,2024_Q4,2.84,0.0,3.6,Import,Charging
2024-12-19,1.7,16.0,1.1,0.9,14.2,0.1,2024-12-19,12,4,2024,2024_Q4,5.68,0.0082,6.4,Import,Charging
2024-12-20,3.0,10.0,1.4,1.0,7.8,0.0,2024-12-20,12,4,2024,2024_Q4,3.12,0.0,4.0,Import,Charging
2024-12-21,0.3,12.0,0.3,0.0,12.1,0.0,2024-12-21,12,4,2024,2024_Q4,4.84,0.0,4.800000000000001,Import,Charging
2024-12-22,2.6,13.0,0.9,0.0,10.6,0.0,2024-12-22,12,4,2024,2024_Q4,4.24,0.0,5.2,Import,Charging
2024-12-23,2.6,12.0,1.0,0.7,9.1,0.1,2024-12-23,12,4,2024,2024_Q4,3.64,0.0082,4.800000000000001,Import,Charging
2024-12-24,6.2,10.0,2.8,2.4,5.2,0.1,2024-12-24,12,4,2024,2024_Q4,2.08,0.0082,4.0,Import,Charging
2024-12-25,1.5,12.0,0.1,0.0,9.7,0.0,2024-12-25,12,4,2024,2024_Q4,3.88,0.0,4.800000000000001,Import,Charging
2024-12-26,4.1,14.0,2.0,0.0,10.7,0.0,2024-12-26,12,4,2024,2024_Q4,4.28,0.0,5.6000000000000005,Import,Charging
2024-12-27,4.9,11.0,3.2,2.6,7.5,0.2,2024-12-27,12,4,2024,2024_Q4,3.0,0.0164,4.4,Import,Charging
2024-12-28,1.5,11.0,0.2,0.0,9.4,0.0,2024-12-28,12,4,2024,2024_Q4,3.7600000000000002,0.0,4.4,Import,Charging
2024-12-29,0.7,15.0,0.2,0.0,14.4,0.0,2024-12-29,12,4,2024,2024_Q4,5.760000000000001,0.0,6.0,Import,Charging
2024-12-30,0.5,12.0,0.2,0.0,11.5,0.0,2024-12-30,12,4,2024,2024_Q4,4.6000000000000005,0.0,4.800000000000001,Import,Charging
2024-12-31,0.3,9.0,0.2,0.0,9.4,0.0,2024-12-31,12,4,2024,2024_Q4,3.7600000000000002,0.0,3.6,Import,Charging
2025-01-01,3.7,10.0,2.4,0.0,7.0,0.0,2025-01-01,1,1,2025,2025_Q1,2.8000000000000003,0.0,4.0,Import,Charging
2025-01-02,0.5,10.0,0.3,0.0,10.0,0.0,2025-01-02,1,1,2025,2025_Q1,4.0,0.0,4.0,Import,Charging
2025-01-03,5.5,12.0,3.7,0.0,6.6,0.0,2025-01-03,1,1,2025,2025_Q1,2.64,0.0,4.800000000000001,Import,Charging
2025-01-04,2.3,11.0,0.6,0.4,8.9,0.1,2025-01-04,1,1,2025,2025_Q1,3.5600000000000005,0.0082,4.4,Import,Charging
2025-01-05,0.0,13.0,0.2,0.0,13.3,0.0,2025-01-05,1,1,2025,2025_Q1,5.32,0.0,5.2,Import,Charging
2025-01-06,0.0,13.0,1.1,0.0,10.1,0.0,2025-01-06,1,1,2025,2025_Q1,4.04,0.0,5.2,Import,Charging
2025-01-07,4.1,10.0,2.4,1.9,7.3,0.1,2025-01-07,1,1,2025,2025_Q1,2.92,0.0082,4.0,Import,Charging
2025-01-08,2.4,10.0,1.0,0.7,7.5,0.1,2025-01-08,1,1,2025,2025_Q1,3.0,0.0082,4.0,Import,Charging
2025-01-09,0.5,11.0,0.3,0.0,11.2,0.0,2025-01-09,1,1,2025,2025_Q1,4.4799999999999995,0.0,4.4,Import,Charging
2025-01-10,1.2,9.0,0.3,0.0,7.4,0.0,2025-01-10,1,1,2025,2025_Q1,2.9600000000000004,0.0,3.6,Import,Charging
2025-01-11,6.4,12.0,4.2,0.0,6.8,0.0,2025-01-11,1,1,2025,2025_Q1,2.72,0.0,4.800000000000001,Import,Charging
2025-01-12,6.5,13.0,4.1,3.7,7.2,0.3,2025-01-12,1,1,2025,2025_Q1,2.8800000000000003,0.0246,5.2,Import,Charging
2025-01-13,9.6,8.0,4.1,3.9,3.1,3.9,2025-01-13,1,1,2025,2025_Q1,1.2400000000000002,0.31980000000000003,3.2,Import,Charging
2025-01-14,7.5,10.0,5.5,5.7,2.8,0.6,2025-01-14,1,1,2025,2025_Q1,1.1199999999999999,0.0492,4.0,Import,Discharging
2025-01-15,5.0,12.0,3.0,2.7,6.7,0.1,2025-01-15,1,1,2025,2025_Q1,2.68,0.0082,4.800000000000001,Import,Charging
2025-01-16,4.2,10.0,2.9,2.5,6.3,0.1,2025-01-16,1,1,2025,2025_Q1,2.52,0.0082,4.0,Import,Charging
2025-01-17,0.9,11.0,0.3,0.0,11.0,0.1,2025-01-17,1,1,2025,2025_Q1,4.4,0.0082,4.4,Import,Charging
2025-01-18,3.2,12.0,1.7,0.0,9.1,0.0,2025-01-18,1,1,2025,2025_Q1,3.64,0.0,4.800000000000001,Import,Charging
2025-01-19,9.9,12.0,6.2,5.5,3.5,0.0,2025-01-19,1,1,2025,2025_Q1,1.4000000000000001,0.0,4.800000000000001,Import,Charging
2025-01-20,0.6,11.0,0.3,0.0,11.3,0.0,2025-01-20,1,1,2025,2025_Q1,4.5200000000000005,0.0,4.4,Import,Charging
2025-01-21,1.6,11.0,0.1,0.0,9.7,0.0,2025-01-21,1,1,2025,2025_Q1,3.88,0.0,4.4,Import,Charging
2025-01-22,5.6,10.0,3.6,3.1,4.9,0.2,2025-01-22,1,1,2025,2025_Q1,1.9600000000000002,0.0164,4.0,Import,Charging
2025-01-23,9.5,10.0,6.5,4.4,3.3,0.6,2025-01-23,1,1,2025,2025_Q1,1.32,0.0492,4.0,Import,Charging
2025-01-24,1.9,9.0,0.6,1.7,5.8,0.1,2025-01-24,1,1,2025,2025_Q1,2.32,0.0082,3.6,Import,Discharging
2025-01-25,1.8,9.0,0.7,0.4,7.0,0.0,2025-01-25,1,1,2025,2025_Q1,2.8000000000000003,0.0,3.6,Import,Charging
2025-01-26,3.4,13.0,1.6,1.2,10.0,0.0,2025-01-26,1,1,2025,2025_Q1,4.0,0.0,5.2,Import,Charging
2025-01-27,1.6,11.0,0.2,0.0,9.6,0.0,2025-01-27,1,1,2025,2025_Q1,3.84,0.0,4.4,Import,Charging
2025-01-28,4.0,8.0,2.2,0.0,5.2,0.0,2025-01-28,1,1,2025,2025_Q1,2.08,0.0,3.2,Import,Charging
2025-01-29,5.5,8.0,3.8,3.1,3.4,0.2,2025-01-29,1,1,2025,2025_Q1,1.36,0.0164,3.2,Import,Charging
2025-01-30,3.6,9.0,2.1,1.8,5.4,0.1,2025-01-30,1,1,2025,2025_Q1,2.16,0.0082,3.6,Import,Charging
2025-01-31,7.3,9.0,4.8,3.9,3.2,0.2,2025-01-31,1,1,2025,2025_Q1,1.2800000000000002,0.0164,3.6,Import,Charging
2025-02-01,14.8,8.0,5.9,3.8,2.8,7.3,2025-02-01,2,1,2025,2025_Q1,1.1199999999999999,0.5986,3.2,Import,Charging
2025-02-02,14.6,9.0,5.9,5.3,1.5,6.8,2025-02-02,2,1,2025,2025_Q1,0.6000000000000001,0.5576,3.6,Import,Charging
2025-02-03,7.9,11.0,5.7,6.8,2.0,0.3,2025-02-03,2,1,2025,2025_Q1,0.8,0.0246,4.4,Import,Discharging
2025-02-04,1.5,10.0,0.1,0.0,8.8,0.1,2025-02-04,2,1,2025,2025_Q1,3.5200000000000005,0.0082,4.0,Import,Charging
2025-02-05,2.8,16.0,0.2,0.0,13.8,0.0,2025-02-05,2,1,2025,2025_Q1,5.5200000000000005,0.0,6.4,Import,Charging
2025-02-06,3.4,11.0,1.5,1.2,7.8,0.1,2025-02-06,2,1,2025,2025_Q1,3.12,0.0082,4.4,Import,Charging
2025-02-07,1.7,7.0,0.4,0.1,5.5,0.0,2025-02-07,2,1,2025,2025_Q1,2.2,0.0,2.8000000000000003,Import,Charging
2025-02-08,13.8,6.0,6.0,2.6,2.0,0.0,2025-02-08,2,1,2025,2025_Q1,0.8,0.0,2.4000000000000004,Import,Charging
2025-02-09,7.9,6.0,5.9,4.9,0.0,0.5,2025-02-09,2,1,2025,2025_Q1,0.0,0.041,2.4000000000000004,No import,Charging
2025-02-10,6.6,6.0,5.1,4.8,0.0,0.3,2025-02-10,2,1,2025,2025_Q1,0.0,0.0246,2.4000000000000004,No import,Charging
2025-02-11,4.3,9.0,2.9,4.9,0.0,0.2,2025-02-11,2,1,2025,2025_Q1,0.0,0.0164,3.6,No import,Discharging
2025-02-12,2.1,11.0,0.6,0.4,8.7,0.1,2025-02-12,2,1,2025,2025_Q1,3.48,0.0082,4.4,Import,Charging
2025-02-13,5.5,13.0,3.3,2.8,7.9,0.1,2025-02-13,2,1,2025,2025_Q1,3.16,0.0082,5.2,Import,Charging
2025-02-14,2.5,10.0,1.2,0.4,8.3,0.1,2025-02-14,2,1,2025,2025_Q1,3.3200000000000003,0.0082,4.0,Import,Charging
2025-02-15,3.1,10.0,1.6,1.2,7.4,0.0,2025-02-15,2,1,2025,2025_Q1,2.9600000000000004,0.0,4.0,Import,Charging
2025-02-16,9.0,9.0,5.7,4.1,2.9,0.0,2025-02-16,2,1,2025,2025_Q1,1.16,0.0,3.6,Import,Charging
2025-02-17,19.6,10.0,6.4,6.1,1.0,10.8,2025-02-17,2,1,2025,2025_Q1,0.4,0.8856,4.0,No import,Charging
2025-02-18,19.8,13.0,7.3,4.8,3.6,7.4,2025-02-18,2,1,2025,2025_Q1,1.4400000000000002,0.6068,5.2,Import,Charging
2025-02-19,18.1,10.0,3.0,4.6,2.4,12.5,2025-02-19,2,1,2025,2025_Q1,0.96,1.0250000000000001,4.0,Import,Discharging
2025-02-20,4.4,14.0,9.0,6.7,12.5,0.1,2025-02-20,2,1,2025,2025_Q1,5.0,0.0082,5.6000000000000005,Import,Charging
2025-02-21,9.4,8.0,6.6,5.7,0.1,0.8,2025-02-21,2,1,2025,2025_Q1,0.04000000000000001,0.0656,3.2,Import < 1 kWh,Charging
2025-02-22,9.6,10.0,6.4,6.5,0.3,0.3,2025-02-22,2,1,2025,2025_Q1,0.12,0.0246,4.0,Import < 1 kWh,Discharging
2025-02-23,17.7,10.0,6.7,7.4,0.3,8.9,2025-02-23,2,1,2025,2025_Q1,0.12,0.7298,4.0,Import < 1 kWh,Discharging
2025-02-24,5.9,10.0,3.4,2.7,5.3,0.1,2025-02-24,2,1,2025,2025_Q1,2.12,0.0082,4.0,Import,Charging
2025-02-25,6.4,11.0,4.6,4.0,5.2,0.1,2025-02-25,2,1,2025,2025_Q1,2.08,0.0082,4.4,Import,Charging
2025-02-26,4.6,10.0,2.2,1.8,6.3,0.1,2025-02-26,2,1,2025,2025_Q1,2.52,0.0082,4.0,Import,Charging
2025-02-27,6.2,11.0,8.4,3.5,9.9,0.2,2025-02-27,2,1,2025,2025_Q1,3.9600000000000004,0.0164,4.4,Import,Charging
2025-02-28,4.5,10.0,2.6,6.5,3.5,2.2,2025-02-28,2,1,2025,2025_Q1,1.4000000000000001,0.18040000000000003,4.0,Import,Discharging
2025-03-01,6.3,9.0,3.4,2.8,3.5,0.1,2025-03-01,3,1,2025,2025_Q1,1.4000000000000001,0.0082,3.6,Import,Charging
2025-03-02,21.8,10.0,5.1,4.1,2.3,13.4,2025-03-02,3,1,2025,2025_Q1,0.9199999999999999,1.0988,4.0,Import,Charging
2025-03-03,22.9,11.0,6.6,6.8,0.5,12.7,2025-03-03,3,1,2025,2025_Q1,0.2,1.0413999999999999,4.4,Import < 1 kWh,Discharging
2025-03-04,12.4,11.0,6.9,6.4,1.5,2.0,2025-03-04,3,1,2025,2025_Q1,0.6000000000000001,0.164,4.4,Import,Charging
2025-03-05,23.5,9.0,6.4,4.7,1.2,14.5,2025-03-05,3,1,2025,2025_Q1,0.48,1.189,3.6,Import,Charging
2025-03-06,22.9,10.0,5.9,5.7,0.9,13.2,2025-03-06,3,1,2025,2025_Q1,0.36000000000000004,1.0824,4.0,Import < 1 kWh,Charging
2025-03-07,21.7,9.0,5.9,4.7,1.4,13.0,2025-03-07,3,1,2025,2025_Q1,0.5599999999999999,1.066,3.6,Import,Charging
2025-03-08,22.8,8.0,5.8,4.8,0.8,14.3,2025-03-08,3,1,2025,2025_Q1,0.32000000000000006,1.1726,3.2,Import < 1 kWh,Charging
2025-03-09,22.0,12.0,5.9,7.0,0.6,12.0,2025-03-09,3,1,2025,2025_Q1,0.24,0.984,4.800000000000001,Import < 1 kWh,Discharging
2025-03-10,24.1,15.0,6.1,5.6,5.0,13.2,2025-03-10,3,1,2025,2025_Q1,2.0,1.0824,6.0,Import,Charging
2025-03-11,6.7,10.0,3.8,3.3,3.6,0.1,2025-03-11,3,1,2025,2025_Q1,1.4400000000000002,0.0082,4.0,Import,Charging
2025-03-12,7.6,12.0,4.4,3.5,5.1,0.1,2025-03-12,3,1,2025,2025_Q1,2.04,0.0082,4.800000000000001,Import,Charging
2025-03-13,18.3,8.0,5.3,3.2,2.1,10.1,2025-03-13,3,1,2025,2025_Q1,0.8400000000000001,0.8282,3.2,Import,Charging
2025-03-14,10.3,11.0,6.2,6.3,0.7,0.2,2025-03-14,3,1,2025,2025_Q1,0.27999999999999997,0.0164,4.4,Import < 1 kWh,Discharging
2025-03-15,22.6,9.0,6.1,5.1,1.1,13.9,2025-03-15,3,1,2025,2025_Q1,0.44000000000000006,1.1398000000000001,3.6,Import,Charging
2025-03-16,26.3,8.0,5.6,4.1,0.9,16.7,2025-03-16,3,1,2025,2025_Q1,0.36000000000000004,1.3694,3.2,Import < 1 kWh,Charging
2025-03-17,18.4,9.0,5.5,5.9,0.5,10.4,2025-03-17,3,1,2025,2025_Q1,0.2,0.8528000000000001,3.6,Import < 1 kWh,Discharging
2025-03-18,27.8,11.0,5.6,5.4,0.7,18.0,2025-03-18,3,1,2025,2025_Q1,0.27999999999999997,1.476,4.4,Import < 1 kWh,Charging
2025-03-19,27.4,9.0,5.9,4.1,1.1,17.4,2025-03-19,3,1,2025,2025_Q1,0.44000000000000006,1.4267999999999998,3.6,Import,Charging
2025-03-20,24.5,9.0,5.3,5.0,0.6,16.0,2025-03-20,3,1,2025,2025_Q1,0.24,1.312,3.6,Import < 1 kWh,Charging
2025-03-21,23.9,12.0,6.4,6.7,0.5,12.3,2025-03-21,3,1,2025,2025_Q1,0.2,1.0086000000000002,4.800000000000001,Import < 1 kWh,Discharging
2025-03-22,10.4,8.0,5.9,4.3,1.5,2.2,2025-03-22,3,1,2025,2025_Q1,0.6000000000000001,0.18040000000000003,3.2,Import,Charging
2025-03-23,12.3,10.0,5.9,5.3,1.4,3.6,2025-03-23,3,1,2025,2025_Q1,0.5599999999999999,0.2952,4.0,Import,Charging
2025-03-24,20.8,8.0,6.0,5.3,0.4,11.8,2025-03-24,3,1,2025,2025_Q1,0.16000000000000003,0.9676000000000001,3.2,Import < 1 kWh,Charging
2025-03-25,21.3,10.0,6.1,5.4,0.1,11.7,2025-03-25,3,1,2025,2025_Q1,0.04000000000000001,0.9594,4.0,Import < 1 kWh,Charging
2025-03-26,7.6,8.0,5.1,5.6,0.7,0.1,2025-03-26,3,1,2025,2025_Q1,0.27999999999999997,0.0082,3.2,Import < 1 kWh,Discharging
2025-03-27,28.2,8.0,5.3,3.1,1.5,19.9,2025-03-27,3,1,2025,2025_Q1,0.6000000000000001,1.6318,3.2,Import,Charging
2025-03-28,27.9,8.0,5.3,4.5,0.0,19.1,2025-03-28,3,1,2025,2025_Q1,0.0,1.5662000000000003,3.2,No import,Charging
2025-03-29,8.5,9.0,5.9,6.2,0.0,0.1,2025-03-29,3,1,2025,2025_Q1,0.0,0.0082,3.6,No import,Discharging
2025-03-30,7.8,9.0,4.0,5.6,0.4,0.1,2025-03-30,3,1,2025,2025_Q1,0.16000000000000003,0.0082,3.6,Import < 1 kWh,Discharging
2025-03-31,17.2,9.0,6.2,3.5,2.6,8.4,2025-03-31,3,1,2025,2025_Q1,1.04,0.6888000000000001,3.6,Import,Charging
2025-04-01,12.7,10.0,6.9,5.7,0.2,2.2,2025-04-01,4,2,2025,2025_Q2,0.08000000000000002,0.18040000000000003,4.0,Import < 1 kWh,Charging
2025-04-02,28.9,9.0,6.0,5.9,0.1,19.5,2025-04-02,4,2,2025,2025_Q2,0.04000000000000001,1.599,3.6,Import < 1 kWh,Charging
2025-04-03,28.9,10.0,6.1,5.9,0.1,19.1,2025-04-03,4,2,2025,2025_Q2,0.04000000000000001,1.5662000000000003,4.0,Import < 1 kWh,Charging
2025-04-04,28.8,9.0,6.3,4.9,0.4,18.0,2025-04-04,4,2,2025,2025_Q2,0.16000000000000003,1.476,3.6,Import < 1 kWh,Charging
2025-04-05,31.2,9.0,5.9,4.6,0.1,21.2,2025-04-05,4,2,2025,2025_Q2,0.04000000000000001,1.7384,3.6,Import < 1 kWh,Charging
2025-04-06,31.8,9.0,5.1,5.5,0.0,23.7,2025-04-06,4,2,2025,2025_Q2,0.0,1.9434,3.6,No import,Discharging
2025-04-07,31.5,9.0,5.9,4.8,0.0,21.2,2025-04-07,4,2,2025,2025_Q2,0.0,1.7384,3.6,No import,Charging
2025-04-08,30.4,12.0,5.7,7.9,0.0,20.3,2025-04-08,4,2,2025,2025_Q2,0.0,1.6646,4.800000000000001,No import,Discharging
2025-04-09,30.4,9.0,6.3,3.7,1.7,20.8,2025-04-09,4,2,2025,2025_Q2,0.68,1.7056000000000002,3.6,Import,Charging
2025-04-10,9.4,8.0,6.5,5.1,0.2,0.2,2025-04-10,4,2,2025,2025_Q2,0.08000000000000002,0.0164,3.2,Import < 1 kWh,Charging
2025-04-11,30.4,8.0,5.2,4.4,0.0,21.5,2025-04-11,4,2,2025,2025_Q2,0.0,1.7630000000000001,3.2,No import,Charging
2025-04-12,30.5,7.0,4.8,4.3,0.0,22.9,2025-04-12,4,2,2025,2025_Q2,0.0,1.8778,2.8000000000000003,No import,Charging
2025-04-13,11.9,8.0,5.3,4.6,0.0,3.5,2025-04-13,4,2,2025,2025_Q2,0.0,0.28700000000000003,3.2,No import,Charging
2025-04-14,31.0,11.0,5.4,5.3,0.0,19.7,2025-04-14,4,2,2025,2025_Q2,0.0,1.6154,4.4,No import,Charging
2025-04-15,24.2,9.0,5.5,5.4,0.35,15.4,2025-04-15,4,2,2025,2025_Q2,0.13999999999999999,1.2628000000000001,3.6,Import < 1 kWh,Charging
2025-04-16,28.7,14.0,7.2,6.1,0.2,14.5,2025-04-16,4,2,2025,2025_Q2,0.08000000000000002,1.189,5.6000000000000005,Import < 1 kWh,Charging
2025-04-17,5.6,11.0,2.7,5.5,2.8,0.1,2025-04-17,4,2,2025,2025_Q2,1.1199999999999999,0.0082,4.4,Import,Discharging
2025-04-18,6.3,8.0,3.8,2.5,3.9,0.1,2025-04-18,4,2,2025,2025_Q2,1.56,0.0082,3.2,Import,Charging
2025-04-19,27.7,10.0,5.6,3.1,1.8,17.8,2025-04-19,4,2,2025,2025_Q2,0.7200000000000001,1.4596,4.0,Import,Charging
2025-04-20,31.4,8.0,5.4,5.3,0.1,22.6,2025-04-20,4,2,2025,2025_Q2,0.04000000000000001,1.8532000000000002,3.2,Import < 1 kWh,Charging
2025-04-21,18.9,9.0,6.0,5.0,0.0,8.8,2025-04-21,4,2,2025,2025_Q2,0.0,0.7216000000000001,3.6,No import,Charging
2025-04-22,23.1,10.0,5.9,6.0,0.0,13.6,2025-04-22,4,2,2025,2025_Q2,0.0,1.1152,4.0,No import,Discharging
2025-04-23,22.5,9.0,6.2,5.4,0.1,13.1,2025-04-23,4,2,2025,2025_Q2,0.04000000000000001,1.0742,3.6,Import < 1 kWh,Charging
2025-04-24,9.8,10.0,6.2,5.9,0.8,0.2,2025-04-24,4,2,2025,2025_Q2,0.32000000000000006,0.0164,4.0,Import < 1 kWh,Charging
2025-04-25,13.5,9.0,6.2,4.2,2.0,4.4,2025-04-25,4,2,2025,2025_Q2,0.8,0.36080000000000007,3.6,Import,Charging
2025-04-26,35.9,8.0,4.7,4.5,0.0,27.9,2025-04-26,4,2,2025,2025_Q2,0.0,2.2878,3.2,No import,Charging
2025-04-27,35.6,8.0,5.0,5.0,0.0,27.4,2025-04-27,4,2,2025,2025_Q2,0.0,2.2468,3.2,No import,Charging
2025-04-28,37.0,13.0,6.8,7.3,0.0,24.5,2025-04-28,4,2,2025,2025_Q2,0.0,2.009,5.2,No import,Discharging
2025-04-29,35.8,8.0,6.4,3.9,0.3,26.1,2025-04-29,4,2,2025,2025_Q2,0.12,2.1402,3.2,Import < 1 kWh,Charging
2025-04-30,35.7,9.0,4.5,4.6,0.0,26.8,2025-04-30,4,2,2025,2025_Q2,0.0,2.1976,3.6,No import,Discharging
2025-05-01,35.9,7.0,5.2,3.6,0.0,27.1,2025-05-01,5,2,2025,2025_Q2,0.0,2.2222000000000004,2.8000000000000003,No import,Charging
2025-05-02,33.9,5.0,3.8,3.2,0.0,28.0,2025-05-02,5,2,2025,2025_Q2,0.0,2.2960000000000003,2.0,No import,Charging
2025-05-03,19.1,6.0,3.9,3.3,0.0,13.2,2025-05-03,5,2,2025,2025_Q2,0.0,1.0824,2.4000000000000004,No import,Charging
2025-05-04,20.9,8.0,3.9,5.4,0.0,14.0,2025-05-04,5,2,2025,2025_Q2,0.0,1.1480000000000001,3.2,No import,Discharging
2025-05-05,31.3,11.0,6.1,6.4,0.0,21.2,2025-05-05,5,2,2025,2025_Q2,0.0,1.7384,4.4,No import,Discharging
2025-05-06,29.3,9.0,6.8,4.5,0.7,18.2,2025-05-06,5,2,2025,2025_Q2,0.27999999999999997,1.4924,3.6,Import < 1 kWh,Charging
2025-05-07,19.3,7.0,5.8,4.6,0.0,10.7,2025-05-07,5,2,2025,2025_Q2,0.0,0.8774,2.8000000000000003,No import,Charging
2025-05-08,37.8,11.0,4.7,5.8,0.1,28.6,2025-05-08,5,2,2025,2025_Q2,0.04000000000000001,2.3452,4.4,Import < 1 kWh,Discharging
2025-05-09,39.4,6.0,6.2,3.3,0.0,30.0,2025-05-09,5,2,2025,2025_Q2,0.0,2.46,2.4000000000000004,No import,Charging
2025-05-10,39.6,6.0,3.7,3.2,0.0,33.8,2025-05-10,5,2,2025,2025_Q2,0.0,2.7716,2.4000000000000004,No import,Charging
2025-05-11,39.0,6.0,3.7,3.6,0.0,33.0,2025-05-11,5,2,2025,2025_Q2,0.0,2.706,2.4000000000000004,No import,Charging
2025-05-12,38.5,13.0,4.7,5.0,0.0,25.1,2025-05-12,5,2,2025,2025_Q2,0.0,2.0582000000000003,5.2,No import,Discharging
2025-05-13,39.5,8.0,5.3,3.5,0.0,30.3,2025-05-13,5,2,2025,2025_Q2,0.0,2.4846000000000004,3.2,No import,Charging
2025-05-14,38.4,5.0,3.7,3.1,0.0,32.5,2025-05-14,5,2,2025,2025_Q2,0.0,2.665,2.0,No import,Charging
2025-05-15,38.6,7.0,3.4,4.2,0.0,32.6,2025-05-15,5,2,2025,2025_Q2,0.0,2.6732,2.8000000000000003,No import,Discharging
2025-05-16,28.6,8.0,5.5,4.1,0.0,19.1,2025-05-16,5,2,2025,2025_Q2,0.0,1.5662000000000003,3.2,No import,Charging
2025-05-17,22.7,7.0,4.1,3.3,0.0,14.7,2025-05-17,5,2,2025,2025_Q2,0.0,1.2054,2.8000000000000003,No import,Charging
2025-05-18,18.3,9.0,4.5,4.4,0.0,9.4,2025-05-18,5,2,2025,2025_Q2,0.0,0.7708,3.6,No import,Charging
2025-05-19,40.0,7.0,4.3,3.8,0.0,32.3,2025-05-19,5,2,2025,2025_Q2,0.0,2.6486,2.8000000000000003,No import,Charging
2025-05-20,38.0,9.0,4.4,5.3,0.0,30.0,2025-05-20,5,2,2025,2025_Q2,0.0,2.46,3.6,No import,Discharging
2025-05-21,29.8,7.0,5.9,3.8,0.0,21.2,2025-05-21,5,2,2025,2025_Q2,0.0,1.7384,2.8000000000000003,No import,Charging
2025-05-22,30.2,9.0,4.3,5.2,0.0,21.8,2025-05-22,5,2,2025,2025_Q2,0.0,1.7876,3.6,No import,Discharging
2025-05-23,27.4,11.0,5.9,6.1,0.2,16.5,2025-05-23,5,2,2025,2025_Q2,0.08000000000000002,1.353,4.4,Import < 1 kWh,Discharging
2025-05-24,31.6,12.0,7.2,6.2,0.2,19.5,2025-05-24,5,2,2025,2025_Q2,0.08000000000000002,1.599,4.800000000000001,Import < 1 kWh,Charging
2025-05-25,11.0,8.0,6.3,4.1,0.9,1.4,2025-05-25,5,2,2025,2025_Q2,0.36000000000000004,0.1148,3.2,Import < 1 kWh,Charging
2025-05-26,30.7,9.0,4.1,4.4,0.0,22.3,2025-05-26,5,2,2025,2025_Q2,0.0,1.8286000000000002,3.6,No import,Discharging
2025-05-27,29.9,10.0,5.2,4.7,0.0,19.0,2025-05-27,5,2,2025,2025_Q2,0.0,1.558,4.0,No import,Charging
2025-05-28,17.4,8.0,6.4,5.0,0.1,8.1,2025-05-28,5,2,2025,2025_Q2,0.04000000000000001,0.6642,3.2,Import < 1 kWh,Charging
2025-05-29,24.3,9.0,4.4,4.0,0.0,15.2,2025-05-29,5,2,2025,2025_Q2,0.0,1.2464,3.6,No import,Charging
2025-05-30,35.6,7.0,4.2,3.6,0.0,27.6,2025-05-30,5,2,2025,2025_Q2,0.0,2.2632000000000003,2.8000000000000003,No import,Charging
2025-05-31,33.5,8.0,4.6,4.3,0.0,25.3,2025-05-31,5,2,2025,2025_Q2,0.0,2.0746,3.2,No import,Charging
2025-06-01,19.6,9.0,5.3,4.6,0.0,10.7,2025-06-01,6,2,2025,2025_Q2,0.0,0.8774,3.6,No import,Charging
2025-06-02,20.2,13.0,6.1,7.8,0.0,8.1,2025-06-02,6,2,2025,2025_Q2,0.0,0.6642,5.2,No import,Discharging
2025-06-03,35.4,8.0,6.2,3.2,0.5,25.0,2025-06-03,6,2,2025,2025_Q2,0.2,2.0500000000000003,3.2,Import < 1 kWh,Charging
2025-06-04,8.3,9.0,5.0,5.7,0.2,0.1,2025-06-04,6,2,2025,2025_Q2,0.08000000000000002,0.0082,3.6,Import < 1 kWh,Discharging
2025-06-05,26.8,9.0,5.5,3.7,0.1,16.2,2025-06-05,6,2,2025,2025_Q2,0.04000000000000001,1.3284,3.6,Import < 1 kWh,Charging
2025-06-06,23.5,8.0,4.6,4.1,0.1,15.3,2025-06-06,6,2,2025,2025_Q2,0.04000000000000001,1.2546000000000002,3.2,Import < 1 kWh,Charging
2025-06-07,18.6,10.0,6.1,5.8,0.1,8.0,2025-06-07,6,2,2025,2025_Q2,0.04000000000000001,0.656,4.0,Import < 1 kWh,Charging
2025-06-08,27.2,8.0,4.4,4.0,0.0,18.9,2025-06-08,6,2,2025,2025_Q2,0.0,1.5497999999999998,3.2,No import,Charging
2025-06-09,30.7,11.0,5.8,4.5,0.0,19.4,2025-06-09,6,2,2025,2025_Q2,0.0,1.5908,4.4,No import,Charging
2025-06-10,28.2,7.0,3.5,3.5,0.0,20.3,2025-06-10,6,2,2025,2025_Q2,0.0,1.6646,2.8000000000000003,No import,Charging
2025-06-11,41.6,8.0,4.4,4.5,0.0,33.7,2025-06-11,6,2,2025,2025_Q2,0.0,2.7634000000000003,3.2,No import,Discharging
2025-06-12,42.7,12.0,5.1,3.9,0.0,29.5,2025-06-12,6,2,2025,2025_Q2,0.0,2.419,4.800000000000001,No import,Charging
2025-06-13,40.0,9.0,4.1,3.8,0.0,31.4,2025-06-13,6,2,2025,2025_Q2,0.0,2.5748,3.6,No import,Charging
2025-06-14,39.1,7.0,4.6,4.0,0.0,30.8,2025-06-14,6,2,2025,2025_Q2,0.0,2.5256000000000003,2.8000000000000003,No import,Charging
2025-06-15,13.8,9.0,5.5,5.1,0.0,4.7,2025-06-15,6,2,2025,2025_Q2,0.0,0.3854,3.6,No import,Charging
2025-06-16,30.7,7.0,4.3,3.4,0.0,22.9,2025-06-16,6,2,2025,2025_Q2,0.0,1.8778,2.8000000000000003,No import,Charging
2025-06-17,41.6,10.0,4.3,3.8,0.2,31.4,2025-06-17,6,2,2025,2025_Q2,0.08000000000000002,2.5748,4.0,Import < 1 kWh,Charging
2025-06-18,34.2,6.0,4.0,3.3,0.0,27.1,2025-06-18,6,2,2025,2025_Q2,0.0,2.2222000000000004,2.4000000000000004,No import,Charging
2025-06-19,39.6,8.0,3.6,3.3,0.0,31.8,2025-06-19,6,2,2025,2025_Q2,0.0,2.6076,3.2,No import,Charging
2025-06-20,43.2,10.0,3.9,3.3,0.0,32.9,2025-06-20,6,2,2025,2025_Q2,0.0,2.6978,4.0,No import,Charging
2025-06-21,41.7,9.0,3.5,3.7,0.0,32.9,2025-06-21,6,2,2025,2025_Q2,0.0,2.6978,3.6,No import,Discharging
2025-06-22,41.2,8.0,4.5,3.9,0.1,32.6,2025-06-22,6,2,2025,2025_Q2,0.04000000000000001,2.6732,3.2,Import < 1 kWh,Charging
2025-06-23,25.2,7.0,4.6,4.0,0.0,16.9,2025-06-23,6,2,2025,2025_Q2,0.0,1.3858,2.8000000000000003,No import,Charging
2025-06-24,40.7,12.0,4.7,4.7,0.0,29.2,2025-06-24,6,2,2025,2025_Q2,0.0,2.3944,4.800000000000001,No import,Charging
2025-06-25,39.9,6.0,4.9,3.4,0.0,32.4,2025-06-25,6,2,2025,2025_Q2,0.0,2.6568,2.4000000000000004,No import,Charging
2025-06-26,34.0,8.0,3.6,4.1,0.0,26.7,2025-06-26,6,2,2025,2025_Q2,0.0,2.1894,3.2,No import,Discharging
2025-06-27,19.3,7.0,4.8,3.4,0.0,10.4,2025-06-27,6,2,2025,2025_Q2,0.0,0.8528000000000001,2.8000000000000003,No import,Charging
2025-06-28,39.0,9.0,3.8,3.5,0.0,30.1,2025-06-28,6,2,2025,2025_Q2,0.0,2.4682000000000004,3.6,No import,Charging
2025-06-29,38.6,8.0,4.3,4.0,0.0,30.8,2025-06-29,6,2,2025,2025_Q2,0.0,2.5256000000000003,3.2,No import,Charging
2025-06-30,40.9,7.0,4.3,3.8,0.0,33.4,2025-06-30,6,2,2025,2025_Q2,0.0,2.7388,2.8000000000000003,No import,Charging
2025-07-01,40.5,7.0,4.2,3.6,0.0,32.7,2025-07-01,7,3,2025,2025_Q3,0.0,2.6814000000000004,2.8000000000000003,No import,Charging
2025-07-02,39.4,7.0,3.9,3.9,0.0,32.0,2025-07-02,7,3,2025,2025_Q3,0.0,2.624,2.8000000000000003,No import,Charging
2025-07-03,32.6,13.0,5.2,7.0,0.0,21.7,2025-07-03,7,3,2025,2025_Q3,0.0,1.7794,5.2,No import,Discharging
2025-07-04,35.6,8.0,6.3,4.3,0.5,26.1,2025-07-04,7,3,2025,2025_Q3,0.2,2.1402,3.2,Import < 1 kWh,Charging
2025-07-05,40.4,7.0,5.3,3.4,0.0,31.9,2025-07-05,7,3,2025,2025_Q3,0.0,2.6158,2.8000000000000003,No import,Charging
2025-07-06,12.6,10.0,4.6,5.9,0.0,3.2,2025-07-06,7,3,2025,2025_Q3,0.0,0.2624,4.0,No import,Discharging
2025-07-07,15.4,9.0,6.6,5.1,0.0,5.2,2025-07-07,7,3,2025,2025_Q3,0.0,0.42640000000000006,3.6,No import,Charging
2025-07-08,27.6,8.0,5.3,3.9,0.0,18.4,2025-07-08,7,3,2025,2025_Q3,0.0,1.5088,3.2,No import,Charging
2025-07-09,19.9,8.0,5.2,4.3,0.1,11.0,2025-07-09,7,3,2025,2025_Q3,0.04000000000000001,0.902,3.2,Import < 1 kWh,Charging
2025-07-10,39.6,7.0,3.8,3.5,0.0,32.4,2025-07-10,7,3,2025,2025_Q3,0.0,2.6568,2.8000000000000003,No import,Charging
2025-07-11,26.1,7.0,4.4,3.7,0.0,18.5,2025-07-11,7,3,2025,2025_Q3,0.0,1.5170000000000001,2.8000000000000003,No import,Charging
2025-07-12,27.5,6.0,3.7,3.3,0.0,20.8,2025-07-12,7,3,2025,2025_Q3,0.0,1.7056000000000002,2.4000000000000004,No import,Charging
2025-07-13,20.1,10.0,5.0,4.6,0.0,10.1,2025-07-13,7,3,2025,2025_Q3,0.0,0.8282,4.0,No import,Charging
2025-07-14,15.6,9.0,4.5,5.5,0.0,7.3,2025-07-14,7,3,2025,2025_Q3,0.0,0.5986,3.6,No import,Discharging
2025-07-15,30.0,9.0,5.7,4.7,0.1,20.6,2025-07-15,7,3,2025,2025_Q3,0.04000000000000001,1.6892000000000003,3.6,Import < 1 kWh,Charging
2025-07-16,19.0,7.0,6.0,4.0,0.0,9.7,2025-07-16,7,3,2025,2025_Q3,0.0,0.7954,2.8000000000000003,No import,Charging
2025-07-17,33.4,7.0,3.7,4.2,0.0,26.6,2025-07-17,7,3,2025,2025_Q3,0.0,2.1812,2.8000000000000003,No import,Discharging
2025-07-18,34.5,12.0,5.4,4.8,0.0,22.6,2025-07-18,7,3,2025,2025_Q3,0.0,1.8532000000000002,4.800000000000001,No import,Charging
2025-07-19,37.9,6.0,4.6,3.8,0.0,30.8,2025-07-19,7,3,2025,2025_Q3,0.0,2.5256000000000003,2.4000000000000004,No import,Charging
2025-07-20,25.6,11.0,4.8,6.4,0.0,16.4,2025-07-20,7,3,2025,2025_Q3,0.0,1.3448,4.4,No import,Discharging
2025-07-21,11.9,10.0,7.2,5.5,0.0,1.5,2025-07-21,7,3,2025,2025_Q3,0.0,0.123,4.0,No import,Charging
2025-07-22,31.6,8.0,6.0,4.7,0.1,22.4,2025-07-22,7,3,2025,2025_Q3,0.04000000000000001,1.8368,3.2,Import < 1 kWh,Charging
2025-07-23,24.8,7.0,5.3,4.2,0.0,15.9,2025-07-23,7,3,2025,2025_Q3,0.0,1.3038,2.8000000000000003,No import,Charging
2025-07-24,24.6,9.0,4.5,4.4,0.0,16.4,2025-07-24,7,3,2025,2025_Q3,0.0,1.3448,3.6,No import,Charging
2025-07-25,25.6,7.0,4.5,3.5,0.0,17.7,2025-07-25,7,3,2025,2025_Q3,0.0,1.4514,2.8000000000000003,No import,Charging
2025-07-26,17.6,7.0,3.9,4.3,0.0,10.3,2025-07-26,7,3,2025,2025_Q3,0.0,0.8446000000000001,2.8000000000000003,No import,Discharging
2025-07-27,9.9,11.0,5.9,7.1,0.0,0.1,2025-07-27,7,3,2025,2025_Q3,0.0,0.0082,4.4,No import,Discharging
2025-07-28,17.2,7.0,6.5,3.6,0.3,8.0,2025-07-28,7,3,2025,2025_Q3,0.12,0.656,2.8000000000000003,Import < 1 kWh,Charging
2025-07-29,23.7,8.0,4.2,4.4,0.1,16.2,2025-07-29,7,3,2025,2025_Q3,0.04000000000000001,1.3284,3.2,Import < 1 kWh,Discharging
2025-07-30,20.3,9.0,6.7,6.0,0.0,9.9,2025-07-30,7,3,2025,2025_Q3,0.0,0.8118000000000001,3.6,No import,Charging
2025-07-31,15.5,8.0,4.9,4.3,0.0,7.6,2025-07-31,7,3,2025,2025_Q3,0.0,0.6232,3.2,No import,Charging
2025-08-01,20.0,10.0,6.0,5.8,0.0,9.3,2025-08-01,8,3,2025,2025_Q3,0.0,0.7626000000000001,4.0,No import,Charging
2025-08-02,29.1,16.0,6.5,6.9,0.0,13.9,2025-08-02,8,3,2025,2025_Q3,0.0,1.1398000000000001,6.4,No import,Discharging
2025-08-03,13.3,11.0,6.4,3.9,3.0,3.0,2025-08-03,8,3,2025,2025_Q3,1.2000000000000002,0.246,4.4,Import,Charging
2025-08-04,18.4,11.0,5.2,7.1,0.1,9.6,2025-08-04,8,3,2025,2025_Q3,0.04000000000000001,0.7872,4.4,Import < 1 kWh,Discharging
2025-08-05,13.3,12.0,7.6,5.8,2.0,1.0,2025-08-05,8,3,2025,2025_Q3,0.8,0.082,4.800000000000001,Import,Charging
2025-08-06,33.5,10.0,6.8,4.7,0.0,21.3,2025-08-06,8,3,2025,2025_Q3,0.0,1.7466000000000002,4.0,No import,Charging
2025-08-07,33.4,11.0,4.6,6.3,0.0,24.5,2025-08-07,8,3,2025,2025_Q3,0.0,2.009,4.4,No import,Discharging
2025-08-08,32.4,7.0,6.3,3.4,0.4,22.4,2025-08-08,8,3,2025,2025_Q3,0.16000000000000003,1.8368,2.8000000000000003,Import < 1 kWh,Charging
2025-08-09,24.4,9.0,4.5,5.4,0.1,16.7,2025-08-09,8,3,2025,2025_Q3,0.04000000000000001,1.3694,3.6,Import < 1 kWh,Discharging
2025-08-10,35.8,7.0,5.5,4.0,0.0,27.1,2025-08-10,8,3,2025,2025_Q3,0.0,2.2222000000000004,2.8000000000000003,No import,Charging
2025-08-11,35.7,9.0,4.5,4.3,0.0,27.0,2025-08-11,8,3,2025,2025_Q3,0.0,2.214,3.6,No import,Charging
2025-08-12,32.0,8.0,5.0,4.5,0.1,23.2,2025-08-12,8,3,2025,2025_Q3,0.04000000000000001,1.9024,3.2,Import < 1 kWh,Charging
2025-08-13,31.0,10.0,5.2,5.4,0.0,21.4,2025-08-13,8,3,2025,2025_Q3,0.0,1.7548,4.0,No import,Discharging
2025-08-14,29.4,14.0,5.8,7.6,0.0,17.5,2025-08-14,8,3,2025,2025_Q3,0.0,1.435,5.6000000000000005,No import,Discharging
2025-08-15,28.6,8.0,6.2,2.5,1.6,19.1,2025-08-15,8,3,2025,2025_Q3,0.6400000000000001,1.5662000000000003,3.2,Import,Charging
2025-08-16,30.9,6.0,4.7,4.0,0.0,23.5,2025-08-16,8,3,2025,2025_Q3,0.0,1.927,2.4000000000000004,No import,Charging
2025-08-17,33.6,10.0,4.7,6.2,0.0,25.3,2025-08-17,8,3,2025,2025_Q3,0.0,2.0746,4.0,No import,Discharging
2025-08-18,32.5,9.0,6.4,5.2,0.5,22.9,2025-08-18,8,3,2025,2025_Q3,0.2,1.8778,3.6,Import < 1 kWh,Charging
2025-08-19,31.5,10.0,6.0,6.7,0.1,22.4,2025-08-19,8,3,2025,2025_Q3,0.04000000000000001,1.8368,4.0,Import < 1 kWh,Discharging
2025-08-20,26.9,9.0,6.2,3.8,1.0,16.7,2025-08-20,8,3,2025,2025_Q3,0.4,1.3694,3.6,No import,Charging
2025-08-21,28.2,8.0,6.2,5.1,0.0,19.3,2025-08-21,8,3,2025,2025_Q3,0.0,1.5826000000000002,3.2,No import,Charging
2025-08-22,29.2,8.5,5.4,5.2,0.0,20.2,2025-08-22,8,3,2025,2025_Q3,0.0,1.6564,3.4000000000000004,No import,Charging
2025-08-23,9.3,9.5,5.8,6.3,0.1,0.1,2025-08-23,8,3,2025,2025_Q3,0.04000000000000001,0.0082,3.8000000000000003,Import < 1 kWh,Discharging
2025-08-24,22.9,10.0,6.5,5.4,0.2,12.7,2025-08-24,8,3,2025,2025_Q3,0.08000000000000002,1.0413999999999999,4.0,Import < 1 kWh,Charging
2025-08-25,31.1,8.0,5.9,4.6,0.0,21.1,2025-08-25,8,3,2025,2025_Q3,0.0,1.7302000000000002,3.2,No import,Charging
2025-08-26,30.3,10.0,4.9,6.4,0.0,22.5,2025-08-26,8,3,2025,2025_Q3,0.0,1.845,4.0,No import,Discharging
2025-08-27,22.7,7.0,6.3,3.9,0.9,13.7,2025-08-27,8,3,2025,2025_Q3,0.36000000000000004,1.1234,2.8000000000000003,Import < 1 kWh,Charging
2025-08-28,9.7,8.0,5.7,5.1,0.0,1.3,2025-08-28,8,3,2025,2025_Q3,0.0,0.10660000000000001,3.2,No import,Charging
2025-08-29,24.6,13.0,6.9,8.8,0.1,13.3,2025-08-29,8,3,2025,2025_Q3,0.04000000000000001,1.0906,5.2,Import < 1 kWh,Discharging
2025-08-30,15.3,9.0,6.7,3.5,1.5,5.1,2025-08-30,8,3,2025,2025_Q3,0.6000000000000001,0.4182,3.6,Import,Charging
2025-08-31,19.1,8.0,5.1,5.2,0.0,10.9,2025-08-31,8,3,2025,2025_Q3,0.0,0.8938,3.2,No import,Discharging
2025-09-01,11.6,9.0,6.2,5.8,0.0,2.3,2025-09-01,9,3,2025,2025_Q3,0.0,0.1886,3.6,No import,Charging
2025-09-02,16.0,7.0,6.1,4.6,0.0,7.0,2025-09-02,9,3,2025,2025_Q3,0.0,0.5740000000000001,2.8000000000000003,No import,Charging
2025-09-03,8.7,8.0,6.4,5.5,0.0,0.1,2025-09-03,9,3,2025,2025_Q3,0.0,0.0082,3.2,No import,Charging
2025-09-04,24.6,9.0,4.9,5.6,0.0,17.2,2025-09-04,9,3,2025,2025_Q3,0.0,1.4104,3.6,No import,Discharging
2025-09-05,23.9,13.0,7.5,7.0,0.0,10.1,2025-09-05,9,3,2025,2025_Q3,0.0,0.8282,5.2,No import,Charging
2025-09-06,28.4,11.0,6.4,6.6,0.6,17.8,2025-09-06,9,3,2025,2025_Q3,0.24,1.4596,4.4,Import < 1 kWh,Discharging
2025-09-07,27.2,10.0,6.2,3.6,0.7,15.3,2025-09-07,9,3,2025,2025_Q3,0.27999999999999997,1.2546000000000002,4.0,Import < 1 kWh,Charging
2025-09-08,6.9,9.0,4.4,6.2,0.0,0.2,2025-09-08,9,3,2025,2025_Q3,0.0,0.0164,3.6,No import,Discharging
2025-09-09,3.8,11.0,1.0,1.3,0.0,0.0,2025-09-09,9,3,2025,2025_Q3,0.0,0.0,4.4,No import,Discharging
2025-09-10,11.5,6.0,5.7,1.9,2.1,0.0,2025-09-10,9,3,2025,2025_Q3,0.8400000000000001,0.0,2.4000000000000004,Import,Charging
2025-09-11,9.9,5.0,4.4,3.9,0.0,4.2,2025-09-11,9,3,2025,2025_Q3,0.0,0.34440000000000004,2.0,No import,Charging
2025-09-12,11.3,5.0,4.2,3.7,0.0,5.3,2025-09-12,9,3,2025,2025_Q3,0.0,0.4346,2.0,No import,Charging
2025-09-13,16.6,6.0,4.3,3.8,0.0,10.6,2025-09-13,9,3,2025,2025_Q3,0.0,0.8692,2.4000000000000004,No import,Charging
2025-09-14,20.1,5.0,4.5,4.0,0.0,14.0,2025-09-14,9,3,2025,2025_Q3,0.0,1.1480000000000001,2.0,No import,Charging
2025-09-15,13.6,6.0,4.3,3.9,0.0,7.7,2025-09-15,9,3,2025,2025_Q3,0.0,0.6314000000000001,2.4000000000000004,No import,Charging
2025-09-16,16.9,5.0,4.3,3.8,0.0,10.9,2025-09-16,9,3,2025,2025_Q3,0.0,0.8938,2.0,No import,Charging
2025-09-17,18.8,6.0,4.3,3.7,0.0,12.9,2025-09-17,9,3,2025,2025_Q3,0.0,1.0578,2.4000000000000004,No import,Charging
2025-09-18,25.8,5.0,4.2,4.2,0.0,20.1,2025-09-18,9,3,2025,2025_Q3,0.0,1.6482,2.0,No import,Charging
2025-09-19,25.8,8.0,5.5,5.4,0.0,17.7,2025-09-19,9,3,2025,2025_Q3,0.0,1.4514,3.2,No import,Charging
2025-09-20,25.0,11.0,6.1,7.6,0.0,15.8,2025-09-20,9,3,2025,2025_Q3,0.0,1.2956,4.4,No import,Discharging
2025-09-21,8.2,10.0,5.7,4.7,2.9,0.2,2025-09-21,9,3,2025,2025_Q3,1.16,0.0164,4.0,Import,Charging
2025-09-22,6.5,9.0,4.1,3.6,3.0,0.2,2025-09-22,9,3,2025,2025_Q3,1.2000000000000002,0.0164,3.6,Import,Charging
2025-09-23,17.6,7.0,5.2,3.1,2.0,10.0,2025-09-23,9,3,2025,2025_Q3,0.8,0.8200000000000001,2.8000000000000003,Import,Charging
2025-09-24,1.9,11.33,0.9,2.7,7.75,0.2,2025-09-24,9,3,2025,2025_Q3,3.1,0.0164,4.532,Import,Discharging
2025-09-25,3.9,8.67,2.2,1.6,5.15,0.0,2025-09-25,9,3,2025,2025_Q3,2.06,0.0,3.468,Import,Charging
2025-09-26,10.6,7.0,5.3,2.8,2.1,2.8,2025-09-26,9,3,2025,2025_Q3,0.8400000000000001,0.2296,2.8000000000000003,Import,Charging
2025-09-27,9.3,12.0,6.5,8.0,0.8,0.6,2025-09-27,9,3,2025,2025_Q3,0.32000000000000006,0.0492,4.800000000000001,Import < 1 kWh,Discharging
2025-09-28,11.8,8.0,6.2,3.7,2.0,2.9,2025-09-28,9,3,2025,2025_Q3,0.8,0.2378,3.2,Import,Charging
2025-09-29,11.8,11.0,6.4,8.3,0.2,2.9,2025-09-29,9,3,2025,2025_Q3,0.08000000000000002,0.2378,4.4,Import < 1 kWh,Discharging
2025-09-30,10.7,11.0,6.0,4.7,2.4,0.2,2025-09-30,9,3,2025,2025_Q3,0.96,0.0164,4.4,Import,Charging
