date,temperature_2m_max,temperature_2m_mean,temperature_2m_min,precipitation_sum,precipitation_hours,sunshine_duration,daylight_duration,cloudcover_mean,wind_speed_10m_max,weathercode,weathercode_text,sunshine_hours,daylight_hours,precip_category,weather_type,is_dry_day
2024-03-01,9.8,4.8,0.2,0.0,0.0,15894.41,39588.64,79,15.3,3,bedeckt,4.415113888888889,10.996844444444445,none,cloudy,True
2024-03-02,12.3,7.2,4.2,0.0,0.0,25534.84,39815.23,80,9.4,3,bedeckt,7.093011111111111,11.059786111111112,none,cloudy,True
2024-03-03,14.9,8.3,3.0,0.0,0.0,34793.37,40042.31,66,12.2,3,bedeckt,9.664825,11.122863888888888,none,partly_cloudy,True
2024-03-04,10.4,7.7,5.5,0.0,0.0,2958.55,40269.7,90,18.8,3,bedeckt,0.8218194444444445,11.186027777777777,none,cloudy,True
2024-03-05,8.6,6.3,2.7,1.6,9.0,0.0,40497.24,83,9.5,53,"Niesel, mäßig",0.0,11.249233333333333,light,drizzle,False
2024-03-06,10.8,5.7,0.9,0.2,2.0,33017.4,40724.79,59,14.5,51,"Niesel, leicht",9.1715,11.312441666666667,light,drizzle,False
2024-03-07,7.9,4.3,0.7,0.0,0.0,12744.79,40952.18,45,15.5,3,bedeckt,3.540219444444445,11.375605555555556,none,partly_cloudy,True
2024-03-08,10.3,4.4,-0.4,0.0,0.0,37385.96,41179.27,6,19.0,2,teilweise bewölkt,10.38498888888889,11.43868611111111,none,sunny,True
2024-03-09,12.2,6.1,1.4,0.0,0.0,34005.93,41405.89,71,12.4,3,bedeckt,9.446091666666666,11.501636111111111,none,cloudy,True
2024-03-10,13.5,8.8,5.2,0.6,1.0,22373.36,41631.91,100,16.3,53,"Niesel, mäßig",6.214822222222223,11.564419444444445,light,drizzle,False
2024-03-11,11.4,7.6,3.7,13.0,15.0,17611.59,41857.18,71,20.5,61,"Regen, leicht",4.892108333333334,11.626994444444444,heavy,rainy,False
2024-03-12,10.2,6.6,2.7,3.7,12.0,22240.22,42081.53,70,14.3,55,"Niesel, stark",6.177838888888889,11.689313888888888,moderate,drizzle,False
2024-03-13,10.7,7.7,5.7,2.2,6.0,0.0,42305.08,100,9.6,55,"Niesel, stark",0.0,11.751411111111112,moderate,drizzle,False
2024-03-14,14.4,9.9,6.3,0.0,0.0,33907.17,42529.48,93,12.9,3,bedeckt,9.418658333333333,11.813744444444445,none,cloudy,True
2024-03-15,14.5,10.4,6.5,0.6,4.0,27476.92,42754.94,91,21.9,51,"Niesel, leicht",7.632477777777777,11.876372222222223,light,drizzle,False
2024-03-16,11.9,8.6,2.4,1.5,8.0,22882.87,42981.32,74,21.4,51,"Niesel, leicht",6.3563527777777775,11.939255555555555,light,drizzle,False
2024-03-17,12.0,7.0,2.5,0.0,0.0,25707.58,43208.5,78,9.2,3,bedeckt,7.140994444444445,12.002361111111112,none,cloudy,True
2024-03-18,14.4,9.3,5.4,1.1,10.0,23072.24,43436.32,80,7.9,51,"Niesel, leicht",6.408955555555556,12.065644444444445,light,drizzle,False
2024-03-19,13.6,9.0,4.4,0.0,0.0,32400.0,43664.66,73,7.6,3,bedeckt,9.0,12.129072222222224,none,cloudy,True
2024-03-20,16.7,11.1,5.4,0.0,0.0,39600.0,43893.38,98,8.7,3,bedeckt,11.0,12.192605555555556,none,cloudy,True
2024-03-21,14.4,10.9,6.0,0.0,0.0,33707.32,44122.35,90,20.9,3,bedeckt,9.363144444444444,12.256208333333333,none,cloudy,True
2024-03-22,16.6,10.2,4.9,0.0,0.0,29723.11,44351.43,77,17.1,3,bedeckt,8.256419444444445,12.319841666666667,none,cloudy,True
2024-03-23,9.4,5.9,1.9,7.0,15.0,27727.52,44580.49,68,22.9,73,"Schnee, mäßig",7.702088888888889,12.383469444444444,moderate,snow,False
2024-03-24,8.6,4.9,1.1,4.1,9.0,22291.79,44809.41,72,28.1,73,"Schnee, mäßig",6.1921638888888895,12.447058333333334,moderate,snow,False
2024-03-25,10.2,5.8,3.1,0.1,1.0,34864.46,45038.02,78,13.9,51,"Niesel, leicht",9.684572222222222,12.51056111111111,light,drizzle,False
2024-03-26,12.5,6.9,1.6,0.0,0.0,38209.49,45266.21,69,10.0,3,bedeckt,10.613747222222221,12.573947222222221,none,partly_cloudy,True
2024-03-27,13.8,9.0,4.2,3.0,11.0,24718.82,45493.84,98,16.2,51,"Niesel, leicht",6.8663388888888885,12.637177777777778,moderate,drizzle,False
2024-03-28,11.3,7.0,1.3,1.2,4.0,26292.05,45720.75,74,28.3,51,"Niesel, leicht",7.303347222222222,12.700208333333334,light,drizzle,False
2024-03-29,11.0,8.0,3.4,7.5,15.0,3091.26,45946.82,97,15.6,61,"Regen, leicht",0.8586833333333334,12.763005555555555,moderate,rainy,False
2024-03-30,18.4,11.3,6.1,1.2,5.0,29106.57,46171.91,96,10.3,53,"Niesel, mäßig",8.085158333333334,12.825530555555556,light,drizzle,False
2024-03-31,17.6,11.6,6.8,3.7,6.0,30758.65,46395.85,96,14.1,55,"Niesel, stark",8.544069444444444,12.88773611111111,moderate,drizzle,False
2024-04-01,10.7,8.8,6.5,9.5,13.0,3350.84,46618.51,99,22.3,61,"Regen, leicht",0.9307888888888889,12.949586111111111,moderate,rainy,False
2024-04-02,12.9,9.1,5.5,0.5,5.0,33452.16,46839.98,55,29.2,51,"Niesel, leicht",9.292266666666668,13.011105555555556,light,drizzle,False
2024-04-03,10.8,9.2,6.8,4.6,16.0,3967.02,47061.82,97,22.5,55,"Niesel, stark",1.10195,13.072727777777777,moderate,drizzle,False
2024-04-04,13.4,10.3,7.2,4.5,10.0,11887.94,47284.21,86,26.5,55,"Niesel, stark",3.3022055555555556,13.134502777777778,moderate,drizzle,False
2024-04-05,18.8,13.9,8.3,1.4,4.0,22925.5,47507.05,100,22.8,53,"Niesel, mäßig",6.368194444444445,13.196402777777779,light,drizzle,False
2024-04-06,22.9,16.6,11.0,2.0,2.0,43941.33,47730.2,91,16.6,61,"Regen, leicht",12.205925,13.258388888888888,moderate,rainy,False
2024-04-07,21.8,17.3,11.7,0.0,0.0,36130.73,47953.51,95,14.0,3,bedeckt,10.03631388888889,13.320419444444445,none,cloudy,True
2024-04-08,23.4,17.9,11.3,0.0,0.0,44375.49,48176.86,61,14.1,3,bedeckt,12.326525,13.38246111111111,none,partly_cloudy,True
2024-04-09,18.6,12.6,7.2,1.1,6.0,9660.65,48400.11,86,24.6,51,"Niesel, leicht",2.6835138888888888,13.444475,light,drizzle,False
2024-04-10,13.1,8.9,3.6,0.0,0.0,34896.81,48623.11,35,9.2,3,bedeckt,9.693558333333332,13.506419444444445,none,sunny,True
2024-04-11,15.7,11.0,5.2,0.0,0.0,40219.3,48845.73,56,12.1,3,bedeckt,11.172027777777778,13.568258333333334,none,partly_cloudy,True
2024-04-12,18.6,13.9,7.8,0.0,0.0,35341.04,49067.82,92,10.6,3,bedeckt,9.816955555555555,13.62995,none,cloudy,True
2024-04-13,20.7,15.0,9.1,0.0,0.0,43369.48,49289.22,97,13.2,3,bedeckt,12.047077777777778,13.69145,none,cloudy,True
2024-04-14,19.6,14.8,11.7,0.0,0.0,41918.1,49509.8,98,16.9,3,bedeckt,11.643916666666666,13.752722222222223,none,cloudy,True
2024-04-15,16.0,11.1,5.3,4.7,9.0,33216.0,49729.38,65,32.6,61,"Regen, leicht",9.226666666666667,13.813716666666666,moderate,rainy,False
2024-04-16,9.5,6.3,3.9,5.0,9.0,19693.02,49947.81,79,31.6,71,"Schnee, leicht",5.470283333333334,13.874391666666666,moderate,snow,False
2024-04-17,10.4,6.2,1.7,5.0,8.0,42215.0,50164.93,88,15.8,75,"Schnee, stark",11.72638888888889,13.934702777777778,moderate,snow,False
2024-04-18,10.8,5.9,1.5,1.2,6.0,38960.7,50380.57,70,14.8,53,"Niesel, mäßig",10.822416666666665,13.994602777777777,light,drizzle,False
2024-04-19,8.1,6.0,4.1,13.3,17.0,6941.77,50594.56,89,24.6,63,"Regen, mäßig",1.9282694444444446,14.054044444444443,heavy,rainy,False
2024-04-20,9.3,6.1,3.5,2.8,11.0,32716.98,50806.71,79,19.4,55,"Niesel, stark",9.088049999999999,14.112975,moderate,drizzle,False
2024-04-21,8.1,5.0,2.3,2.5,8.0,38371.39,51016.85,58,24.5,71,"Schnee, leicht",10.658719444444444,14.171347222222222,moderate,snow,False
2024-04-22,8.3,4.3,0.1,0.7,6.0,45161.71,51225.02,55,14.4,71,"Schnee, leicht",12.544919444444444,14.229172222222221,light,snow,False
2024-04-23,9.8,5.1,-0.2,0.0,0.0,42037.37,51432.77,36,10.7,3,bedeckt,11.677047222222223,14.286880555555555,none,sunny,True
2024-04-24,8.4,5.4,1.1,1.3,6.0,42928.04,51640.27,70,17.2,73,"Schnee, mäßig",11.924455555555555,14.344519444444444,light,snow,False
2024-04-25,9.5,5.8,3.0,0.8,6.0,31121.88,51847.38,96,16.7,51,"Niesel, leicht",8.644966666666667,14.40205,light,drizzle,False
2024-04-26,13.6,7.4,0.9,0.3,1.0,46467.57,52053.94,52,13.7,51,"Niesel, leicht",12.907658333333334,14.459427777777778,light,drizzle,False
2024-04-27,18.9,12.1,5.9,0.0,0.0,46910.38,52259.79,53,16.2,3,bedeckt,13.03066111111111,14.516608333333334,none,partly_cloudy,True
2024-04-28,17.4,12.3,8.9,1.5,5.0,16960.38,52464.77,96,22.1,53,"Niesel, mäßig",4.711216666666667,14.57354722222222,light,drizzle,False
2024-04-29,18.1,13.1,6.8,0.0,0.0,35234.95,52668.73,78,10.5,3,bedeckt,9.78748611111111,14.630202777777779,none,cloudy,True
2024-04-30,24.1,17.5,10.0,0.0,0.0,47450.55,52871.48,59,11.0,3,bedeckt,13.180708333333333,14.686522222222223,none,partly_cloudy,True
2024-05-01,24.4,19.0,14.3,0.0,0.0,44341.48,53072.85,64,14.8,3,bedeckt,12.31707777777778,14.742458333333333,none,partly_cloudy,True
2024-05-02,22.6,16.6,13.2,14.5,6.0,43006.74,53272.65,70,21.3,63,"Regen, mäßig",11.946316666666666,14.797958333333334,heavy,rainy,False
2024-05-03,14.2,12.5,10.9,10.1,15.0,7727.1,53470.71,100,19.5,61,"Regen, leicht",2.1464166666666666,14.852974999999999,heavy,rainy,False
2024-05-04,16.3,12.5,7.5,2.7,7.0,29238.09,53666.84,94,14.3,55,"Niesel, stark",8.121691666666667,14.907455555555554,moderate,drizzle,False
2024-05-05,17.2,14.1,11.5,2.5,7.0,41141.29,53860.84,88,17.2,61,"Regen, leicht",11.428136111111112,14.961344444444444,moderate,rainy,False
2024-05-06,16.9,13.8,12.4,14.9,20.0,4811.6,54052.49,100,16.4,63,"Regen, mäßig",1.3365555555555557,15.014580555555556,heavy,rainy,False
2024-05-07,14.8,13.2,11.0,0.2,2.0,8266.05,54241.61,79,15.9,51,"Niesel, leicht",2.296125,15.067113888888889,light,drizzle,False
2024-05-08,16.8,12.5,8.6,0.1,1.0,41713.0,54427.97,31,17.3,51,"Niesel, leicht",11.586944444444445,15.118880555555556,light,drizzle,False
2024-05-09,19.1,14.0,7.9,0.0,0.0,48801.68,54611.36,20,11.3,3,bedeckt,13.556022222222222,15.169822222222223,none,sunny,True
2024-05-10,20.6,15.8,10.0,0.0,0.0,49581.68,54791.55,34,11.2,3,bedeckt,13.772688888888888,15.219875,none,sunny,True
2024-05-11,21.6,16.7,11.5,0.0,0.0,48658.61,54968.32,56,10.8,3,bedeckt,13.516280555555555,15.268977777777778,none,partly_cloudy,True
2024-05-12,23.0,17.4,12.2,0.0,0.0,50257.71,55141.65,15,13.4,2,teilweise bewölkt,13.960475,15.317125,none,sunny,True
2024-05-13,23.1,17.3,11.1,0.6,1.0,50485.19,55312.92,12,12.9,53,"Niesel, mäßig",14.023663888888889,15.3647,light,drizzle,False
2024-05-14,24.3,18.5,12.7,0.0,0.0,50583.2,55482.27,13,16.5,2,teilweise bewölkt,14.050888888888888,15.411741666666666,none,sunny,True
2024-05-15,20.5,16.9,12.3,0.5,4.0,42199.0,55649.54,88,10.7,51,"Niesel, leicht",11.721944444444444,15.458205555555557,light,drizzle,False
2024-05-16,20.0,16.2,13.0,1.8,9.0,35071.78,55814.55,85,13.6,53,"Niesel, mäßig",9.74216111111111,15.504041666666668,light,drizzle,False
2024-05-17,16.8,14.4,12.1,3.8,11.0,1210.35,55977.14,92,13.3,53,"Niesel, mäßig",0.33620833333333333,15.549205555555556,moderate,drizzle,False
2024-05-18,17.8,14.0,10.3,8.1,10.0,24888.75,56137.13,86,12.7,63,"Regen, mäßig",6.913541666666666,15.593647222222222,moderate,rainy,False
2024-05-19,18.3,13.9,10.7,6.1,19.0,20694.13,56294.33,87,9.7,55,"Niesel, stark",5.748369444444445,15.637313888888889,moderate,drizzle,False
2024-05-20,20.3,15.1,9.5,0.2,2.0,50418.11,56448.57,61,8.8,51,"Niesel, leicht",14.005030555555555,15.680158333333333,light,drizzle,False
2024-05-21,20.4,16.5,13.4,7.4,12.0,16742.56,56599.64,99,11.4,61,"Regen, leicht",4.650711111111112,15.722122222222222,moderate,rainy,False
2024-05-22,19.2,15.0,12.2,0.5,5.0,26478.75,56747.36,70,17.6,51,"Niesel, leicht",7.355208333333334,15.763155555555556,light,drizzle,False
2024-05-23,20.5,15.1,9.2,3.7,4.0,50824.19,56891.54,48,13.6,63,"Regen, mäßig",14.117830555555557,15.803205555555556,moderate,rainy,False
2024-05-24,17.4,14.4,12.0,19.3,15.0,16853.51,57031.97,93,7.3,63,"Regen, mäßig",4.681530555555555,15.842213888888889,heavy,rainy,False
2024-05-25,19.8,15.4,9.6,0.6,5.0,52636.66,57168.44,29,10.6,51,"Niesel, leicht",14.621294444444445,15.880122222222223,light,drizzle,False
2024-05-26,22.4,16.6,11.2,0.1,1.0,43800.3,57300.75,72,17.3,51,"Niesel, leicht",12.16675,15.916875,light,drizzle,False
2024-05-27,20.5,16.4,12.3,0.7,2.0,40743.77,57428.69,72,15.2,53,"Niesel, mäßig",11.317713888888887,15.95241388888889,light,drizzle,False
2024-05-28,17.7,14.6,10.3,0.2,2.0,48515.96,57552.06,55,14.2,51,"Niesel, leicht",13.476655555555554,15.986683333333332,light,drizzle,False
2024-05-29,17.9,15.1,13.3,7.1,19.0,18572.78,57670.64,88,23.5,55,"Niesel, stark",5.159105555555556,16.01962222222222,moderate,drizzle,False
2024-05-30,19.7,15.2,13.0,9.0,16.0,30020.24,57784.19,95,17.4,61,"Regen, leicht",8.338955555555556,16.05116388888889,moderate,rainy,False
2024-05-31,17.9,14.9,12.2,4.6,11.0,5801.46,57892.52,93,12.4,61,"Regen, leicht",1.6115166666666667,16.081255555555554,moderate,rainy,False
2024-06-01,19.6,16.0,13.3,3.7,10.0,9419.27,57995.56,98,16.8,61,"Regen, leicht",2.616463888888889,16.109877777777776,moderate,rainy,False
2024-06-02,20.6,17.1,13.7,0.1,1.0,36682.62,58094.15,79,17.5,51,"Niesel, leicht",10.189616666666668,16.13726388888889,light,drizzle,False
2024-06-03,19.0,14.5,10.4,0.0,0.0,53496.16,58188.39,37,14.1,3,bedeckt,14.860044444444446,16.163441666666667,none,sunny,True
2024-06-04,20.1,14.8,8.4,0.0,0.0,51248.68,58278.16,37,12.6,3,bedeckt,14.235744444444444,16.188377777777777,none,sunny,True
2024-06-05,20.0,15.6,11.0,2.9,11.0,30944.18,58363.36,67,19.2,61,"Regen, leicht",8.595605555555556,16.212044444444444,moderate,rainy,False
2024-06-06,20.6,15.1,9.1,0.9,6.0,53639.36,58443.89,17,14.9,51,"Niesel, leicht",14.899822222222223,16.234413888888888,light,drizzle,False
2024-06-07,20.9,15.6,8.9,0.0,0.0,53683.81,58519.67,38,12.4,3,bedeckt,14.912169444444444,16.255463888888887,none,sunny,True
2024-06-08,23.1,16.8,9.3,0.0,0.0,50400.0,58590.57,44,17.6,3,bedeckt,14.0,16.275158333333334,none,partly_cloudy,True
2024-06-09,20.6,15.7,10.4,0.0,0.0,53767.17,58656.52,23,12.0,3,bedeckt,14.935324999999999,16.293477777777778,none,sunny,True
2024-06-10,18.8,13.8,9.0,0.6,1.0,25119.33,58717.39,59,25.3,53,"Niesel, mäßig",6.977591666666667,16.31038611111111,light,drizzle,False
2024-06-11,16.4,12.2,7.7,1.4,9.0,46426.61,58773.11,37,18.9,51,"Niesel, leicht",12.896280555555556,16.32586388888889,light,drizzle,False
2024-06-12,17.0,12.5,7.2,0.1,1.0,53876.91,58823.59,48,12.8,51,"Niesel, leicht",14.965808333333335,16.33988611111111,light,drizzle,False
2024-06-13,17.3,13.8,8.3,0.1,1.0,28333.66,58868.74,81,11.5,51,"Niesel, leicht",7.870461111111111,16.352427777777777,light,drizzle,False
2024-06-14,18.2,14.7,11.3,1.9,11.0,19192.97,58908.47,96,21.1,51,"Niesel, leicht",5.331380555555556,16.36346388888889,light,drizzle,False
2024-06-15,19.8,16.1,12.2,6.7,6.0,46765.97,58942.7,48,27.8,61,"Regen, leicht",12.990547222222222,16.37297222222222,moderate,rainy,False
2024-06-16,19.7,15.5,11.2,0.6,4.0,31733.62,58971.34,81,22.6,51,"Niesel, leicht",8.814894444444445,16.380927777777778,light,drizzle,False
2024-06-17,22.0,17.6,13.6,4.3,13.0,38908.32,58994.32,78,19.1,61,"Regen, leicht",10.807866666666667,16.38731111111111,moderate,rainy,False
2024-06-18,24.7,19.9,15.5,3.6,3.0,37383.28,59011.58,84,17.1,63,"Regen, mäßig",10.384244444444445,16.392105555555556,moderate,rainy,False
2024-06-19,19.2,17.3,13.8,2.4,7.0,22477.55,59023.04,74,14.6,53,"Niesel, mäßig",6.243763888888889,16.39528888888889,moderate,drizzle,False
2024-06-20,23.8,18.9,12.8,0.6,3.0,38277.05,59028.63,85,12.9,51,"Niesel, leicht",10.632513888888889,16.396841666666667,light,drizzle,False
2024-06-21,23.6,20.0,16.8,4.0,13.0,28953.82,59028.29,92,20.5,61,"Regen, leicht",8.042727777777777,16.396747222222224,moderate,rainy,False
2024-06-22,21.3,16.5,12.1,2.2,8.0,34509.27,59021.96,66,15.1,53,"Niesel, mäßig",9.585908333333332,16.39498888888889,moderate,drizzle,False
2024-06-23,23.3,18.5,13.2,0.1,1.0,47796.13,59009.7,53,8.7,51,"Niesel, leicht",13.276702777777777,16.391583333333333,light,drizzle,False
2024-06-24,25.1,20.7,15.6,0.0,0.0,54000.0,58991.6,19,16.3,3,bedeckt,15.0,16.386555555555557,none,sunny,True
2024-06-25,27.1,21.9,16.6,0.0,0.0,54000.0,58967.7,2,15.5,0,klar,15.0,16.379916666666666,none,sunny,True
2024-06-26,29.6,23.3,17.5,0.4,1.0,52281.44,58938.13,33,11.5,51,"Niesel, leicht",14.522622222222223,16.371702777777777,light,drizzle,False
2024-06-27,29.6,23.7,18.2,0.4,4.0,54000.0,58902.96,38,11.7,51,"Niesel, leicht",15.0,16.361933333333333,light,drizzle,False
2024-06-28,25.7,21.4,16.8,11.6,3.0,50400.0,58862.28,59,19.2,65,"Regen, stark",14.0,16.350633333333334,heavy,rainy,False
2024-06-29,28.7,22.7,14.6,5.3,2.0,51421.01,58816.2,62,11.3,63,"Regen, mäßig",14.283613888888889,16.337833333333332,moderate,rainy,False
2024-06-30,22.2,19.1,16.3,16.6,14.0,13022.63,58764.79,92,17.8,63,"Regen, mäßig",3.617397222222222,16.323552777777778,heavy,rainy,False
2024-07-01,19.0,16.6,13.6,2.1,9.0,40381.28,58708.19,91,18.2,53,"Niesel, mäßig",11.217022222222221,16.307830555555554,moderate,drizzle,False
2024-07-02,17.8,14.9,12.1,4.2,10.0,16919.21,58646.48,79,16.6,55,"Niesel, stark",4.699780555555555,16.29068888888889,moderate,drizzle,False
2024-07-03,17.6,13.9,11.5,4.4,7.0,31934.37,58579.76,74,13.1,61,"Regen, leicht",8.870658333333333,16.272155555555557,moderate,rainy,False
2024-07-04,21.4,16.3,12.4,1.3,9.0,45604.65,58508.16,61,22.0,51,"Niesel, leicht",12.667958333333333,16.252266666666667,light,drizzle,False
2024-07-05,22.7,16.5,11.1,0.0,0.0,20448.9,58431.79,82,22.5,3,bedeckt,5.68025,16.231052777777776,none,cloudy,True
2024-07-06,24.3,18.4,13.8,1.4,6.0,24850.45,58350.74,70,25.7,53,"Niesel, mäßig",6.902902777777778,16.20853888888889,light,drizzle,False
2024-07-07,21.1,16.0,9.9,0.0,0.0,43436.14,58265.12,55,15.8,3,bedeckt,12.065594444444445,16.184755555555558,none,partly_cloudy,True
2024-07-08,24.5,19.2,14.3,0.0,0.0,44046.13,58175.07,43,13.4,3,bedeckt,12.23503611111111,16.159741666666665,none,partly_cloudy,True
2024-07-09,30.3,23.3,15.5,0.0,0.0,53565.0,58080.69,28,11.4,3,bedeckt,14.879166666666666,16.133525000000002,none,sunny,True
2024-07-10,26.2,22.5,18.9,3.5,12.0,41649.98,57982.1,82,16.4,61,"Regen, leicht",11.56943888888889,16.10613888888889,moderate,rainy,False
2024-07-11,25.7,21.0,15.9,4.2,11.0,49958.66,57879.25,63,10.4,61,"Regen, leicht",13.877405555555557,16.077569444444446,moderate,rainy,False
2024-07-12,25.5,19.9,14.9,2.4,8.0,38085.91,57771.21,98,23.1,53,"Niesel, mäßig",10.579419444444445,16.047558333333335,moderate,drizzle,False
2024-07-13,21.0,16.6,11.2,0.5,4.0,53189.18,57657.98,34,14.7,51,"Niesel, leicht",14.774772222222222,16.016105555555555,light,drizzle,False
2024-07-14,23.6,18.2,11.9,0.1,1.0,39000.54,57539.8,48,14.8,51,"Niesel, leicht",10.833483333333334,15.98327777777778,light,drizzle,False
2024-07-15,28.1,21.4,13.1,2.1,4.0,49785.57,57416.88,62,9.2,55,"Niesel, stark",13.829325,15.949133333333332,moderate,drizzle,False
2024-07-16,23.1,19.9,16.6,1.0,7.0,50116.48,57289.42,35,24.5,51,"Niesel, leicht",13.921244444444445,15.913727777777778,light,drizzle,False
2024-07-17,23.3,19.2,15.5,1.0,6.0,49198.39,57157.65,62,10.6,51,"Niesel, leicht",13.666219444444444,15.877125000000001,light,drizzle,False
2024-07-18,26.2,21.3,16.0,0.0,0.0,51444.23,57021.79,64,9.0,3,bedeckt,14.29006388888889,15.83938611111111,none,partly_cloudy,True
2024-07-19,28.6,23.2,17.8,0.0,0.0,48843.82,56882.03,70,9.3,3,bedeckt,13.567727777777778,15.800563888888888,none,cloudy,True
2024-07-20,30.2,24.7,18.8,0.0,0.0,52366.96,56738.6,29,9.8,3,bedeckt,14.546377777777778,15.760722222222222,none,sunny,True
2024-07-21,27.8,22.6,19.6,3.2,7.0,17815.23,56591.69,78,15.5,55,"Niesel, stark",4.948675,15.71991388888889,moderate,drizzle,False
2024-07-22,25.8,21.9,18.4,0.8,3.0,47186.68,56441.5,70,12.3,51,"Niesel, leicht",13.10741111111111,15.678194444444445,light,drizzle,False
2024-07-23,25.3,20.0,15.4,7.3,9.0,48534.59,56288.23,38,22.2,63,"Regen, mäßig",13.481830555555554,15.635619444444446,moderate,rainy,False
2024-07-24,23.1,18.6,14.8,0.3,3.0,45883.39,56132.07,74,11.2,51,"Niesel, leicht",12.745386111111111,15.592241666666666,light,drizzle,False
2024-07-25,24.9,19.9,13.2,0.0,0.0,44940.23,55973.21,69,9.5,3,bedeckt,12.483397222222223,15.548113888888889,none,partly_cloudy,True
2024-07-26,23.9,20.6,17.5,10.8,14.0,23422.45,55811.84,92,13.4,63,"Regen, mäßig",6.506236111111111,15.503288888888887,heavy,rainy,False
2024-07-27,22.7,19.8,18.4,22.7,23.0,5768.88,55648.12,100,12.3,63,"Regen, mäßig",1.6024666666666667,15.457811111111113,heavy,rainy,False
2024-07-28,23.8,19.1,14.9,2.5,3.0,48991.1,55482.26,46,17.1,61,"Regen, leicht",13.608638888888889,15.41173888888889,moderate,rainy,False
2024-07-29,25.1,19.8,14.2,0.0,0.0,51077.57,55314.4,4,9.9,2,teilweise bewölkt,14.188213888888889,15.365111111111112,none,sunny,True
2024-07-30,29.2,22.3,15.0,0.0,0.0,50922.69,55144.72,19,9.4,3,bedeckt,14.145191666666667,15.317977777777777,none,sunny,True
2024-07-31,29.9,24.3,18.8,0.5,1.0,42099.34,54973.18,67,11.1,53,"Niesel, mäßig",11.69426111111111,15.270327777777778,light,drizzle,False
2024-08-01,26.0,21.9,18.8,3.2,11.0,23111.81,54798.37,74,8.7,61,"Regen, leicht",6.4199472222222225,15.221769444444446,moderate,rainy,False
2024-08-02,25.4,21.1,18.0,1.3,7.0,46090.62,54620.21,53,12.2,53,"Niesel, mäßig",12.802950000000001,15.172280555555556,light,drizzle,False
2024-08-03,24.8,20.3,16.0,5.5,8.0,42284.92,54438.93,67,11.3,63,"Regen, mäßig",11.745811111111111,15.121925000000001,moderate,rainy,False
2024-08-04,21.8,18.5,15.8,3.5,9.0,14777.54,54254.75,84,13.2,61,"Regen, leicht",4.104872222222222,15.070763888888889,moderate,rainy,False
2024-08-05,24.4,19.3,14.2,0.0,0.0,47366.68,54067.89,54,8.0,3,bedeckt,13.157411111111111,15.018858333333332,none,partly_cloudy,True
2024-08-06,27.1,21.6,14.9,0.0,0.0,48735.96,53878.54,39,7.7,3,bedeckt,13.537766666666666,14.96626111111111,none,sunny,True
2024-08-07,26.7,21.5,17.9,8.4,9.0,41982.81,53686.91,66,13.8,63,"Regen, mäßig",11.661891666666666,14.913030555555556,moderate,rainy,False
2024-08-08,24.2,19.5,15.1,0.1,1.0,36092.89,53493.21,71,14.1,51,"Niesel, leicht",10.025802777777777,14.859225,light,drizzle,False
2024-08-09,26.9,20.9,14.9,0.0,0.0,33517.37,53297.62,82,22.3,3,bedeckt,9.310380555555556,14.804894444444445,none,cloudy,True
2024-08-10,26.9,21.5,16.7,0.2,1.0,47203.95,53100.33,17,13.2,51,"Niesel, leicht",13.112208333333333,14.750091666666668,light,drizzle,False
2024-08-11,28.1,22.6,16.4,0.0,0.0,47300.16,52901.52,29,11.1,3,bedeckt,13.138933333333334,14.694866666666666,none,sunny,True
2024-08-12,31.1,25.1,19.2,0.0,0.0,46835.36,52701.38,65,11.9,3,bedeckt,13.009822222222223,14.639272222222221,none,partly_cloudy,True
2024-08-13,32.1,26.3,20.0,1.0,1.0,46957.43,52500.06,24,9.4,55,"Niesel, stark",13.043730555555555,14.58335,light,drizzle,False
2024-08-14,28.6,24.0,19.7,5.0,5.0,45900.95,52297.74,50,15.5,61,"Regen, leicht",12.750263888888888,14.527149999999999,moderate,rainy,False
2024-08-15,27.5,22.6,17.9,0.0,0.0,46800.0,52094.59,52,11.0,3,bedeckt,13.0,14.470719444444443,none,partly_cloudy,True
2024-08-16,28.5,23.0,17.8,0.0,0.0,46800.0,51890.76,25,12.8,3,bedeckt,13.0,14.414100000000001,none,sunny,True
2024-08-17,25.4,21.0,18.0,4.5,10.0,19474.26,51686.41,89,15.9,61,"Regen, leicht",5.409516666666666,14.357336111111112,moderate,rainy,False
2024-08-18,22.7,19.8,16.1,5.5,12.0,10168.81,51481.69,100,19.3,53,"Niesel, mäßig",2.8246694444444445,14.300469444444445,moderate,drizzle,False
2024-08-19,22.7,18.4,13.6,0.2,2.0,38645.8,51276.74,59,7.2,51,"Niesel, leicht",10.734944444444444,14.243538888888889,light,drizzle,False
2024-08-20,23.8,19.1,13.1,0.0,0.0,24486.43,51071.47,48,11.8,3,bedeckt,6.801786111111111,14.186519444444444,none,partly_cloudy,True
2024-08-21,21.9,18.0,12.8,0.6,1.0,46058.01,50864.43,71,16.8,53,"Niesel, mäßig",12.793891666666667,14.129008333333333,light,drizzle,False
2024-08-22,23.3,17.2,11.6,0.0,0.0,43550.59,50655.44,69,13.1,3,bedeckt,12.09738611111111,14.070955555555557,none,partly_cloudy,True
2024-08-23,27.1,20.0,12.8,0.0,0.0,46537.09,50444.69,73,25.4,3,bedeckt,12.926969444444444,14.01241388888889,none,cloudy,True
2024-08-24,30.6,23.6,16.4,0.0,0.0,46334.52,50232.34,16,22.5,2,teilweise bewölkt,12.8707,13.953427777777776,none,sunny,True
2024-08-25,22.0,18.7,14.1,0.7,2.0,45161.99,50018.57,34,17.3,53,"Niesel, mäßig",12.544997222222221,13.894047222222222,light,drizzle,False
2024-08-26,23.0,17.0,10.3,0.0,0.0,45924.41,49803.52,13,9.4,3,bedeckt,12.756780555555556,13.834311111111111,none,sunny,True
2024-08-27,26.4,19.8,13.1,0.0,0.0,45717.15,49587.36,2,11.9,0,klar,12.699208333333333,13.774266666666668,none,sunny,True
2024-08-28,29.0,23.1,16.3,0.0,0.0,45508.62,49370.24,0,10.1,0,klar,12.641283333333334,13.713955555555556,none,sunny,True
2024-08-29,31.7,25.5,21.3,0.0,0.0,45298.93,49152.31,24,11.6,3,bedeckt,12.583036111111111,13.653419444444443,none,sunny,True
2024-08-30,27.2,22.5,19.3,0.2,2.0,36765.88,48933.71,89,21.7,51,"Niesel, leicht",10.212744444444443,13.592697222222222,light,drizzle,False
2024-08-31,28.7,22.7,17.3,0.0,0.0,44876.68,48714.58,51,17.1,3,bedeckt,12.465744444444445,13.531827777777778,none,partly_cloudy,True
2024-09-01,30.9,24.7,19.4,0.3,1.0,43847.86,48495.07,38,14.4,51,"Niesel, leicht",12.179961111111112,13.470852777777777,light,drizzle,False
2024-09-02,27.9,23.5,19.5,1.6,4.0,42864.57,48275.31,39,10.1,53,"Niesel, mäßig",11.906825,13.409808333333332,light,drizzle,False
2024-09-03,29.2,23.3,18.2,0.5,2.0,44238.09,48055.43,21,14.6,51,"Niesel, leicht",12.288358333333333,13.348730555555555,light,drizzle,False
2024-09-04,25.2,21.2,17.7,1.7,3.0,25934.6,47835.57,82,10.9,55,"Niesel, stark",7.204055555555555,13.287658333333333,light,drizzle,False
2024-09-05,31.5,24.4,18.6,0.1,1.0,42346.51,47615.86,74,20.8,51,"Niesel, leicht",11.762919444444446,13.226627777777779,light,drizzle,False
2024-09-06,23.2,19.8,17.5,1.6,5.0,21283.22,47396.41,65,11.4,55,"Niesel, stark",5.912005555555556,13.165669444444445,light,drizzle,False
2024-09-07,28.2,21.8,14.4,0.0,0.0,41523.3,47177.36,44,8.9,3,bedeckt,11.53425,13.104822222222223,none,partly_cloudy,True
2024-09-08,22.8,19.1,16.2,4.6,9.0,20975.79,46958.84,93,14.6,63,"Regen, mäßig",5.826608333333334,13.04412222222222,moderate,rainy,False
2024-09-09,20.4,16.0,13.6,8.4,9.0,32818.96,46740.73,77,18.6,63,"Regen, mäßig",9.116377777777778,12.983536111111112,moderate,rainy,False
2024-09-10,19.5,15.8,12.2,1.8,7.0,29912.75,46521.57,85,22.7,53,"Niesel, mäßig",8.309097222222222,12.922658333333333,light,drizzle,False
2024-09-11,16.0,12.9,7.2,4.0,9.0,13422.39,46301.18,79,24.6,55,"Niesel, stark",3.7284416666666664,12.86143888888889,moderate,drizzle,False
2024-09-12,14.2,9.6,6.1,3.0,7.0,39363.32,46079.7,39,9.7,61,"Regen, leicht",10.934255555555556,12.799916666666666,moderate,rainy,False
2024-09-13,15.7,11.0,6.3,0.2,2.0,39188.34,45857.27,98,18.4,51,"Niesel, leicht",10.885649999999998,12.738130555555555,light,drizzle,False
2024-09-14,15.4,11.5,8.0,0.1,1.0,27846.93,45634.02,54,21.0,51,"Niesel, leicht",7.735258333333333,12.676116666666665,light,drizzle,False
2024-09-15,18.0,12.3,6.2,0.0,0.0,40861.35,45410.09,32,15.9,3,bedeckt,11.350375,12.613913888888888,none,sunny,True
2024-09-16,17.6,14.5,10.9,0.0,0.0,0.0,45185.59,78,21.0,3,bedeckt,0.0,12.551552777777777,none,cloudy,True
2024-09-17,21.8,16.7,12.1,0.1,1.0,39192.57,44960.68,27,24.6,51,"Niesel, leicht",10.886825,12.489077777777778,light,drizzle,False
2024-09-18,23.3,18.8,15.1,0.0,0.0,40431.49,44735.46,8,23.9,2,teilweise bewölkt,11.230969444444444,12.426516666666666,none,sunny,True
2024-09-19,22.4,18.1,15.5,1.8,4.0,40222.64,44510.08,17,22.3,53,"Niesel, mäßig",11.172955555555555,12.363911111111111,light,drizzle,False
2024-09-20,22.9,17.5,12.9,0.0,0.0,39966.11,44284.65,2,16.3,1,überwiegend klar,11.101697222222223,12.301291666666668,none,sunny,True
2024-09-21,22.4,17.0,12.6,0.0,0.0,39717.84,44059.3,0,9.8,0,klar,11.032733333333333,12.238694444444445,none,sunny,True
2024-09-22,22.9,17.9,12.6,0.0,0.0,27078.73,43834.16,85,10.1,3,bedeckt,7.5218694444444445,12.176155555555557,none,cloudy,True
2024-09-23,19.4,16.2,13.6,10.0,19.0,10045.24,43609.35,99,13.4,61,"Regen, leicht",2.7903444444444445,12.113708333333333,heavy,rainy,False
2024-09-24,18.0,14.4,12.6,4.8,16.0,22248.87,43384.99,84,21.2,61,"Regen, leicht",6.180241666666666,12.05138611111111,moderate,rainy,False
2024-09-25,17.3,14.8,13.3,8.6,22.0,4666.72,43161.22,98,20.2,63,"Regen, mäßig",1.2963111111111112,11.989227777777778,moderate,rainy,False
2024-09-26,17.8,15.2,13.5,30.3,23.0,0.0,42938.16,96,26.9,63,"Regen, mäßig",0.0,11.927266666666668,heavy,rainy,False
2024-09-27,15.6,13.4,11.5,2.2,8.0,34848.12,42715.93,68,29.9,61,"Regen, leicht",9.680033333333334,11.865536111111112,moderate,rainy,False
2024-09-28,14.0,11.0,7.1,0.5,3.0,38316.65,42494.66,46,16.8,51,"Niesel, leicht",10.64351388888889,11.804072222222223,light,drizzle,False
2024-09-29,13.2,9.1,5.3,0.0,0.0,22146.28,42274.25,73,11.5,3,bedeckt,6.151744444444444,11.742847222222222,none,cloudy,True
2024-09-30,14.1,10.7,6.4,7.5,10.0,9957.05,42053.14,79,16.6,61,"Regen, leicht",2.765847222222222,11.681427777777778,moderate,rainy,False
2024-10-01,16.6,12.9,9.0,2.0,12.0,37835.74,41831.13,48,21.9,51,"Niesel, leicht",10.509927777777778,11.619758333333333,moderate,drizzle,False
2024-10-02,16.1,11.5,8.2,1.1,8.0,34534.78,41608.37,64,15.8,51,"Niesel, leicht",9.592994444444445,11.557880555555556,light,drizzle,False
2024-10-03,12.8,10.4,9.0,0.2,2.0,23475.38,41385.01,64,20.1,51,"Niesel, leicht",6.520938888888889,11.495836111111112,light,drizzle,False
2024-10-04,13.6,10.6,8.3,0.0,0.0,33134.84,41161.17,39,19.6,3,bedeckt,9.204122222222221,11.433658333333334,none,sunny,True
2024-10-05,14.2,9.8,6.5,0.0,0.0,36259.27,40937.0,16,10.8,2,teilweise bewölkt,10.072019444444443,11.37138888888889,none,sunny,True
2024-10-06,14.8,9.8,5.6,0.0,0.0,33006.61,40712.66,68,14.3,3,bedeckt,9.168502777777778,11.309072222222223,none,partly_cloudy,True
2024-10-07,17.6,13.5,10.5,11.6,14.0,5011.67,40488.28,99,12.2,63,"Regen, mäßig",1.3921305555555556,11.246744444444444,heavy,rainy,False
2024-10-08,15.7,14.5,12.1,15.5,17.0,0.0,40264.0,100,14.7,63,"Regen, mäßig",0.0,11.184444444444445,heavy,rainy,False
2024-10-09,14.9,13.2,11.5,11.1,18.0,3600.0,40039.97,99,13.8,61,"Regen, leicht",1.0,11.12221388888889,heavy,rainy,False
2024-10-10,16.2,13.3,9.1,18.3,17.0,27924.99,39816.34,82,34.0,63,"Regen, mäßig",7.756941666666667,11.060094444444443,heavy,rainy,False
2024-10-11,12.5,9.6,5.1,5.7,10.0,34355.56,39593.27,47,14.6,61,"Regen, leicht",9.54321111111111,10.998130555555555,moderate,rainy,False
2024-10-12,12.4,8.5,4.2,2.8,5.0,16301.87,39370.91,75,13.8,61,"Regen, leicht",4.528297222222222,10.93636388888889,moderate,rainy,False
2024-10-13,12.9,9.8,5.0,0.4,2.0,18278.97,39149.41,90,22.3,51,"Niesel, leicht",5.077491666666667,10.874836111111112,light,drizzle,False
2024-10-14,12.5,8.1,4.1,6.4,4.0,10157.51,38928.93,85,8.4,63,"Regen, mäßig",2.8215305555555554,10.813591666666667,moderate,rainy,False
2024-10-15,12.9,9.6,6.1,0.0,0.0,18658.08,38709.63,92,13.3,3,bedeckt,5.1828,10.752675,none,cloudy,True
2024-10-16,16.6,12.6,9.6,0.5,2.0,29836.07,38491.68,79,13.4,51,"Niesel, leicht",8.287797222222222,10.692133333333333,light,drizzle,False
2024-10-17,18.8,13.8,9.7,0.3,3.0,31487.78,38275.25,79,7.9,51,"Niesel, leicht",8.746605555555556,10.632013888888888,light,drizzle,False
2024-10-18,15.7,13.2,11.2,1.0,5.0,0.0,38060.51,100,12.3,51,"Niesel, leicht",0.0,10.572363888888889,light,drizzle,False
2024-10-19,16.8,14.1,11.9,3.5,7.0,12828.01,37847.37,96,18.6,61,"Regen, leicht",3.563336111111111,10.513158333333335,moderate,rainy,False
2024-10-20,14.4,12.2,9.1,0.5,2.0,6376.1,37634.09,75,11.1,51,"Niesel, leicht",1.771138888888889,10.453913888888888,light,drizzle,False
2024-10-21,19.5,15.1,11.9,0.6,3.0,32839.74,37420.44,59,10.0,51,"Niesel, leicht",9.12215,10.394566666666668,light,drizzle,False
2024-10-22,15.5,12.6,7.1,0.7,4.0,31509.99,37206.61,58,16.4,51,"Niesel, leicht",8.752775,10.335169444444444,light,drizzle,False
2024-10-23,14.2,9.4,5.6,0.0,0.0,32982.87,36992.79,2,10.2,0,klar,9.161908333333335,10.275775,none,sunny,True
2024-10-24,14.0,10.0,6.8,0.1,1.0,18786.23,36779.12,57,10.6,51,"Niesel, leicht",5.218397222222222,10.216422222222223,light,drizzle,False
2024-10-25,16.9,11.4,6.9,0.0,0.0,31676.71,36565.82,41,7.9,3,bedeckt,8.79908611111111,10.157172222222222,none,partly_cloudy,True
2024-10-26,16.0,11.1,8.1,0.0,0.0,31486.92,36353.05,61,8.8,3,bedeckt,8.746366666666667,10.098069444444445,none,partly_cloudy,True
2024-10-27,15.4,11.4,7.3,0.5,2.0,18427.41,36141.03,61,9.6,51,"Niesel, leicht",5.1187249999999995,10.039175,light,drizzle,False
2024-10-28,14.9,11.8,9.5,0.0,0.0,16730.83,35929.92,91,10.9,3,bedeckt,4.6474527777777785,9.980533333333334,none,cloudy,True
2024-10-29,15.6,11.3,7.9,0.0,0.0,23801.56,35719.95,42,9.6,3,bedeckt,6.611544444444445,9.922208333333332,none,partly_cloudy,True
2024-10-30,14.1,11.1,7.6,0.3,3.0,5248.14,35511.3,85,5.2,51,"Niesel, leicht",1.4578166666666668,9.86425,light,drizzle,False
2024-10-31,12.5,10.4,8.1,0.0,0.0,18726.83,35304.19,75,7.0,3,bedeckt,5.201897222222223,9.806719444444445,none,cloudy,True
2024-11-01,11.8,9.3,7.2,0.0,0.0,17080.64,35098.84,83,8.8,3,bedeckt,4.744622222222222,9.749677777777777,none,cloudy,True
2024-11-02,13.0,10.4,8.6,0.0,0.0,2023.57,34895.47,92,11.4,3,bedeckt,0.5621027777777777,9.693186111111112,none,cloudy,True
2024-11-03,12.0,7.6,4.8,0.0,0.0,30239.5,34694.3,32,8.8,3,bedeckt,8.399861111111111,9.637305555555557,none,sunny,True
2024-11-04,10.8,6.2,2.9,0.0,0.0,30091.01,34495.57,14,9.4,2,teilweise bewölkt,8.358613888888888,9.582102777777777,none,sunny,True
2024-11-05,8.4,4.4,2.0,0.0,0.0,18004.87,34299.52,65,8.2,3,bedeckt,5.001352777777777,9.527644444444444,none,partly_cloudy,True
2024-11-06,9.5,4.7,1.9,0.0,0.0,20818.43,34106.39,85,5.4,3,bedeckt,5.782897222222222,9.473997222222222,none,cloudy,True
2024-11-07,7.5,3.8,1.6,0.0,0.0,16292.72,33916.41,72,10.7,3,bedeckt,4.5257555555555555,9.421225000000002,none,cloudy,True
2024-11-08,7.4,5.2,3.0,0.0,0.0,0.0,33729.59,95,11.3,3,bedeckt,0.0,9.369330555555555,none,cloudy,True
2024-11-09,9.8,5.6,3.0,0.0,0.0,24068.83,33544.07,66,7.3,3,bedeckt,6.685786111111112,9.317797222222222,none,partly_cloudy,True
2024-11-10,8.4,4.7,2.8,0.0,0.0,21186.28,33359.64,89,6.3,3,bedeckt,5.885077777777777,9.266566666666666,none,cloudy,True
2024-11-11,7.2,5.4,3.9,2.1,4.0,0.0,33176.52,83,10.1,55,"Niesel, stark",0.0,9.215699999999998,moderate,drizzle,False
2024-11-12,9.1,6.2,3.4,0.2,2.0,14288.9,32994.91,69,16.1,51,"Niesel, leicht",3.9691388888888888,9.165252777777779,light,drizzle,False
2024-11-13,7.5,5.5,3.0,2.5,8.0,0.0,32815.05,96,11.9,53,"Niesel, mäßig",0.0,9.115291666666668,moderate,drizzle,False
2024-11-14,9.9,6.9,5.4,1.9,10.0,6137.39,32637.14,87,8.6,51,"Niesel, leicht",1.7048305555555556,9.065872222222222,light,drizzle,False
2024-11-15,9.1,7.1,5.6,0.6,5.0,10737.09,32461.41,95,6.2,51,"Niesel, leicht",2.982525,9.017058333333333,light,drizzle,False
2024-11-16,8.0,5.1,2.8,0.0,0.0,27108.67,32288.1,64,11.4,3,bedeckt,7.530186111111111,8.968916666666667,none,partly_cloudy,True
2024-11-17,6.3,4.8,2.9,1.4,7.0,0.0,32117.44,85,16.3,51,"Niesel, leicht",0.0,8.92151111111111,light,drizzle,False
2024-11-18,6.2,4.9,2.6,9.3,16.0,203.44,31949.69,99,20.5,73,"Schnee, mäßig",0.05651111111111111,8.874913888888889,moderate,snow,False
2024-11-19,9.9,7.2,3.1,19.4,23.0,0.0,31785.08,100,31.5,63,"Regen, mäßig",0.0,8.82918888888889,heavy,rainy,False
2024-11-20,4.0,2.4,-0.4,1.1,4.0,15772.83,31623.88,87,22.8,73,"Schnee, mäßig",4.381341666666667,8.784411111111112,light,snow,False
2024-11-21,2.1,0.6,-1.9,1.0,5.0,11438.65,31466.35,99,14.0,73,"Schnee, mäßig",3.1774027777777776,8.740652777777777,light,snow,False
2024-11-22,3.1,0.5,-1.9,0.3,2.0,19838.26,31312.75,62,24.9,71,"Schnee, leicht",5.510627777777778,8.697986111111112,light,snow,False
2024-11-23,4.7,2.6,-0.2,0.0,0.0,1019.18,31163.34,98,19.1,3,bedeckt,0.28310555555555555,8.656483333333334,none,cloudy,True
2024-11-24,14.9,10.6,5.3,0.0,0.0,24748.28,31018.42,99,20.9,3,bedeckt,6.874522222222222,8.616227777777777,none,cloudy,True
2024-11-25,13.9,11.0,8.4,4.3,6.0,20220.82,30878.25,80,15.7,55,"Niesel, stark",5.616894444444444,8.577291666666667,moderate,drizzle,False
2024-11-26,9.9,7.5,3.0,7.4,8.0,14412.43,30743.12,65,14.4,63,"Regen, mäßig",4.0034527777777775,8.539755555555555,moderate,rainy,False
2024-11-27,10.8,6.8,2.6,3.6,6.0,13096.25,30613.32,87,22.2,61,"Regen, leicht",3.6378472222222222,8.5037,moderate,rainy,False
2024-11-28,9.0,6.3,4.8,0.1,1.0,22857.02,30488.9,68,21.4,51,"Niesel, leicht",6.349172222222222,8.469138888888889,light,drizzle,False
2024-11-29,5.9,3.5,0.5,0.0,0.0,24937.46,30368.45,31,10.6,3,bedeckt,6.927072222222222,8.435680555555555,none,sunny,True
2024-11-30,4.4,0.4,-2.1,0.0,0.0,25267.48,30251.8,34,9.1,3,bedeckt,7.018744444444445,8.403277777777777,none,sunny,True
2024-12-01,-0.5,-1.7,-2.6,0.0,0.0,3977.16,30139.11,77,7.1,3,bedeckt,1.1047666666666667,8.371975,none,cloudy,True
2024-12-02,4.5,2.0,-1.0,0.2,2.0,281.28,30030.55,94,6.4,51,"Niesel, leicht",0.07813333333333333,8.341819444444445,light,drizzle,False
2024-12-03,6.3,2.8,-0.5,0.2,2.0,6306.48,29926.3,59,11.2,51,"Niesel, leicht",1.7517999999999998,8.312861111111111,light,drizzle,False
2024-12-04,4.8,1.8,-0.5,0.0,0.0,8367.66,29826.5,73,9.3,3,bedeckt,2.32435,8.28513888888889,none,cloudy,True
2024-12-05,2.4,0.3,-2.0,2.2,6.0,619.8,29731.34,91,16.8,73,"Schnee, mäßig",0.17216666666666666,8.258705555555556,moderate,snow,False
2024-12-06,8.2,6.2,2.5,7.5,6.0,4505.04,29640.98,92,31.1,63,"Regen, mäßig",1.2514,8.233605555555556,moderate,rainy,False
2024-12-07,5.9,3.9,2.0,7.6,13.0,0.0,29555.58,96,15.1,61,"Regen, leicht",0.0,8.209883333333334,moderate,rainy,False
2024-12-08,6.6,4.7,3.7,0.4,4.0,12410.17,29475.31,90,16.5,51,"Niesel, leicht",3.4472694444444443,8.187586111111111,light,drizzle,False
2024-12-09,4.9,3.6,2.9,0.3,2.0,0.0,29400.35,100,19.2,51,"Niesel, leicht",0.0,8.16676388888889,light,drizzle,False
2024-12-10,4.4,3.5,2.5,0.5,4.0,0.0,29330.85,100,17.6,51,"Niesel, leicht",0.0,8.147458333333333,light,drizzle,False
2024-12-11,2.6,1.5,-0.5,0.0,0.0,6443.99,29266.98,71,11.4,3,bedeckt,1.7899972222222222,8.129716666666667,none,cloudy,True
2024-12-12,2.3,0.3,-1.6,0.0,0.0,2046.18,29208.9,71,7.2,3,bedeckt,0.5683833333333334,8.113583333333334,none,cloudy,True
2024-12-13,1.9,-0.3,-1.8,0.0,0.0,14400.0,29156.77,65,9.6,3,bedeckt,4.0,8.099102777777778,none,partly_cloudy,True
2024-12-14,1.7,0.3,-1.6,0.1,1.0,0.0,29110.74,92,12.0,51,"Niesel, leicht",0.0,8.086316666666667,light,drizzle,False
2024-12-15,6.1,4.0,1.9,1.6,7.0,0.0,29070.99,98,16.0,53,"Niesel, mäßig",0.0,8.075275000000001,light,drizzle,False
2024-12-16,9.2,8.1,6.3,0.0,0.0,0.0,29037.63,100,15.6,3,bedeckt,0.0,8.066008333333334,none,cloudy,True
2024-12-17,8.1,6.7,4.8,1.0,5.0,0.0,29010.85,97,13.3,51,"Niesel, leicht",0.0,8.058569444444444,light,drizzle,False
2024-12-18,9.8,6.7,3.2,0.2,1.0,15300.61,28990.71,94,15.3,51,"Niesel, leicht",4.2501694444444444,8.052975,light,drizzle,False
2024-12-19,11.3,8.3,3.8,10.9,14.0,0.0,28976.93,96,26.5,63,"Regen, mäßig",0.0,8.049147222222222,heavy,rainy,False
2024-12-20,5.7,3.4,0.7,0.7,1.0,22179.14,28969.41,81,20.5,73,"Schnee, mäßig",6.160872222222222,8.047058333333334,light,snow,False
2024-12-21,6.1,4.6,2.8,4.1,13.0,0.0,28968.11,100,25.8,53,"Niesel, mäßig",0.0,8.046697222222223,moderate,drizzle,False
2024-12-22,7.1,4.5,1.2,4.8,9.0,10568.41,28972.96,86,23.5,71,"Schnee, leicht",2.935669444444444,8.048044444444445,moderate,snow,False
2024-12-23,5.6,2.4,-0.7,0.1,1.0,8608.7,28983.91,70,16.7,51,"Niesel, leicht",2.391305555555556,8.051086111111111,light,drizzle,False
2024-12-24,4.6,3.5,2.6,0.0,0.0,366.82,29000.92,100,12.9,3,bedeckt,0.10189444444444444,8.05581111111111,none,cloudy,True
2024-12-25,5.4,4.2,3.3,0.0,0.0,0.0,29023.9,100,7.1,3,bedeckt,0.0,8.062194444444446,none,cloudy,True
2024-12-26,6.5,3.7,0.9,0.0,0.0,21885.98,29052.79,51,8.5,3,bedeckt,6.079438888888888,8.070219444444446,none,partly_cloudy,True
2024-12-27,4.4,0.9,-1.2,0.0,0.0,24141.98,29087.52,46,8.7,3,bedeckt,6.706105555555555,8.079866666666668,none,partly_cloudy,True
2024-12-28,0.8,-1.4,-2.7,0.0,0.0,24190.07,29128.01,48,4.5,3,bedeckt,6.719463888888889,8.091113888888888,none,partly_cloudy,True
2024-12-29,0.6,-1.5,-3.2,0.0,0.0,0.0,29174.18,100,7.2,3,bedeckt,0.0,8.103938888888889,none,cloudy,True
2024-12-30,0.1,-1.1,-1.8,0.0,0.0,934.85,29225.94,99,8.7,3,bedeckt,0.2596805555555556,8.118316666666667,none,cloudy,True
2024-12-31,-0.2,-0.9,-1.6,0.0,0.0,0.0,29283.22,100,15.3,3,bedeckt,0.0,8.134227777777777,none,cloudy,True
2025-01-01,5.4,2.7,-0.1,0.0,0.0,18274.74,29345.92,93,27.7,3,bedeckt,5.076316666666667,8.151644444444443,none,cloudy,True
2025-01-02,5.9,2.7,0.4,16.6,13.0,0.0,29413.95,98,26.3,73,"Schnee, mäßig",0.0,8.170541666666667,heavy,snow,False
2025-01-03,1.8,0.4,-0.5,0.0,0.0,18465.55,29487.21,72,21.8,3,bedeckt,5.1293194444444445,8.190891666666666,none,cloudy,True
2025-01-04,0.9,-0.2,-1.6,0.1,1.0,632.42,29565.62,98,10.3,71,"Schnee, leicht",0.1756722222222222,8.212672222222222,light,snow,False
2025-01-05,7.0,2.2,-1.4,17.2,20.0,0.0,29649.07,100,19.0,75,"Schnee, stark",0.0,8.235852777777778,heavy,snow,False
2025-01-06,12.5,7.7,4.4,0.3,3.0,16487.07,29737.47,89,32.6,51,"Niesel, leicht",4.579741666666666,8.260408333333334,light,drizzle,False
2025-01-07,5.4,4.0,2.6,3.0,8.0,20140.09,29830.88,69,22.3,73,"Schnee, mäßig",5.594469444444444,8.286355555555556,moderate,snow,False
2025-01-08,3.7,2.0,0.3,9.8,9.0,3396.55,29930.34,87,15.4,75,"Schnee, stark",0.9434861111111111,8.313983333333333,moderate,snow,False
2025-01-09,7.9,3.9,0.3,16.1,14.0,0.0,30035.85,88,27.4,73,"Schnee, mäßig",0.0,8.343291666666666,heavy,snow,False
2025-01-10,3.4,0.2,-2.1,0.0,0.0,13936.12,30147.12,39,16.2,3,bedeckt,3.8711444444444445,8.3742,none,partly_cloudy,True
2025-01-11,2.3,0.3,-1.5,0.0,0.0,25299.3,30263.92,57,11.5,3,bedeckt,7.027583333333333,8.406644444444444,none,partly_cloudy,True
2025-01-12,3.0,0.1,-2.1,0.0,0.0,24403.27,30385.97,42,12.0,3,bedeckt,6.778686111111111,8.440547222222223,none,partly_cloudy,True
2025-01-13,0.2,-2.3,-4.2,0.0,0.0,25624.25,30513.03,14,8.9,3,bedeckt,7.117847222222222,8.475841666666666,none,sunny,True
2025-01-14,2.2,-1.3,-4.3,0.0,0.0,25617.24,30644.84,49,5.7,3,bedeckt,7.115900000000001,8.512455555555556,none,partly_cloudy,True
2025-01-15,4.4,2.5,1.2,0.1,1.0,0.0,30781.15,98,8.0,51,"Niesel, leicht",0.0,8.550319444444446,light,drizzle,False
2025-01-16,5.1,2.2,0.7,0.0,0.0,25597.9,30921.7,44,8.4,3,bedeckt,7.1105277777777784,8.589361111111112,none,partly_cloudy,True
2025-01-17,2.7,-0.6,-2.0,0.0,0.0,22802.09,31066.26,60,7.8,3,bedeckt,6.333913888888889,8.629516666666666,none,partly_cloudy,True
2025-01-18,4.4,0.4,-1.8,0.0,0.0,26351.0,31214.59,9,9.3,1,überwiegend klar,7.3197222222222225,8.670719444444444,none,sunny,True
2025-01-19,5.9,1.0,-2.1,0.0,0.0,26542.5,31366.45,0,8.4,0,klar,7.372916666666667,8.712902777777778,none,sunny,True
2025-01-20,-0.1,-2.2,-3.3,0.0,0.0,10698.41,31521.61,75,5.6,3,bedeckt,2.9717805555555556,8.756002777777779,none,cloudy,True
2025-01-21,1.8,-1.8,-3.3,0.0,0.0,26429.0,31679.84,31,4.6,3,bedeckt,7.341388888888889,8.799955555555556,none,sunny,True
2025-01-22,4.0,-0.4,-3.1,0.0,0.0,19414.89,31840.91,94,6.1,3,bedeckt,5.393025,8.844697222222223,none,cloudy,True
2025-01-23,5.5,3.0,1.7,10.3,10.0,10140.28,32004.62,97,18.9,63,"Regen, mäßig",2.8167444444444447,8.890172222222223,heavy,rainy,False
2025-01-24,8.3,5.2,2.1,0.6,4.0,0.0,32170.74,100,16.6,51,"Niesel, leicht",0.0,8.936316666666666,light,drizzle,False
2025-01-25,12.7,7.9,5.6,10.3,9.0,0.0,32339.06,100,21.5,63,"Regen, mäßig",0.0,8.983072222222223,heavy,rainy,False
2025-01-26,9.4,5.7,2.1,4.7,10.0,0.0,32509.39,100,23.6,61,"Regen, leicht",0.0,9.030386111111111,moderate,rainy,False
2025-01-27,11.1,8.1,5.6,9.5,14.0,5918.04,32681.79,97,22.9,61,"Regen, leicht",1.6439,9.078275,moderate,rainy,False
2025-01-28,8.8,6.6,4.1,0.9,5.0,8265.28,32858.07,96,20.3,51,"Niesel, leicht",2.2959111111111112,9.127241666666666,light,drizzle,False
2025-01-29,8.6,6.2,3.7,5.8,12.0,25546.79,33038.3,86,25.1,61,"Regen, leicht",7.096330555555555,9.177305555555556,moderate,rainy,False
2025-01-30,9.6,5.9,3.8,1.4,9.0,22619.59,33222.23,92,15.6,53,"Niesel, mäßig",6.283219444444445,9.228397222222224,light,drizzle,False
2025-01-31,5.5,2.7,0.3,0.0,0.0,21413.96,33409.58,84,11.1,3,bedeckt,5.948322222222222,9.28043888888889,none,cloudy,True
2025-02-01,4.4,0.8,-1.1,0.0,0.0,29306.57,33600.07,0,10.4,0,klar,8.14071388888889,9.333352777777778,none,sunny,True
2025-02-02,3.9,-0.2,-2.5,0.0,0.0,29520.8,33793.45,12,9.7,3,bedeckt,8.200222222222221,9.387069444444444,none,sunny,True
2025-02-03,3.8,-1.3,-3.4,0.0,0.0,29737.44,33989.46,43,4.7,3,bedeckt,8.260399999999999,9.441516666666667,none,partly_cloudy,True
2025-02-04,-0.8,-2.8,-3.7,0.0,0.0,1906.83,34187.86,74,7.1,3,bedeckt,0.529675,9.496627777777778,none,cloudy,True
2025-02-05,2.0,-0.8,-3.4,0.0,0.0,0.0,34388.39,89,6.9,3,bedeckt,0.0,9.552330555555555,none,cloudy,True
2025-02-06,4.1,2.1,-0.2,0.0,0.0,0.0,34590.84,100,17.3,3,bedeckt,0.0,9.608566666666666,none,cloudy,True
2025-02-07,4.7,2.7,0.6,0.0,0.0,0.0,34794.95,97,23.2,3,bedeckt,0.0,9.665263888888887,none,cloudy,True
2025-02-08,6.4,2.3,-0.2,0.0,0.0,28644.41,35000.52,60,10.3,3,bedeckt,7.9567805555555555,9.722366666666666,none,partly_cloudy,True
2025-02-09,4.7,1.4,-0.5,0.1,1.0,28158.05,35207.32,86,10.5,51,"Niesel, leicht",7.821680555555555,9.779811111111112,light,drizzle,False
2025-02-10,6.1,2.4,-0.2,3.7,5.0,11160.84,35415.14,91,12.9,73,"Schnee, mäßig",3.100233333333333,9.837538888888888,moderate,snow,False
2025-02-11,6.1,4.0,2.4,6.4,6.0,19008.94,35623.79,93,12.8,71,"Schnee, leicht",5.280261111111111,9.895497222222222,moderate,snow,False
2025-02-12,7.4,4.2,0.7,1.1,7.0,900.65,35833.03,92,8.7,51,"Niesel, leicht",0.2501805555555556,9.953619444444444,light,drizzle,False
2025-02-13,4.9,1.4,-1.4,1.3,9.0,16672.64,36042.69,83,13.6,71,"Schnee, leicht",4.631288888888888,10.011858333333334,light,snow,False
2025-02-14,2.3,0.4,-1.9,0.1,1.0,10737.5,36252.57,92,15.7,71,"Schnee, leicht",2.982638888888889,10.070158333333334,light,snow,False
2025-02-15,1.5,-0.4,-1.9,0.0,0.0,20846.68,36462.48,83,8.6,3,bedeckt,5.790744444444445,10.128466666666668,none,cloudy,True
2025-02-16,2.3,-0.4,-2.9,0.7,4.0,18116.09,36672.52,72,15.9,71,"Schnee, leicht",5.032247222222222,10.18681111111111,light,snow,False
2025-02-17,2.5,-1.6,-4.2,0.0,0.0,32624.45,36884.57,0,10.9,0,klar,9.062347222222222,10.245713888888888,none,sunny,True
2025-02-18,2.2,-1.8,-5.1,0.0,0.0,32876.79,37098.8,18,12.8,3,bedeckt,9.132441666666667,10.305222222222223,none,sunny,True
2025-02-19,3.7,-0.6,-3.8,0.0,0.0,32575.84,37315.03,58,12.4,3,bedeckt,9.048844444444445,10.36528611111111,none,partly_cloudy,True
2025-02-20,5.2,2.1,-1.6,0.2,2.0,19080.94,37533.03,84,6.2,51,"Niesel, leicht",5.30026111111111,10.425841666666667,light,drizzle,False
2025-02-21,12.9,7.5,3.9,0.3,3.0,22842.01,37752.62,86,7.9,51,"Niesel, leicht",6.345002777777777,10.48683888888889,light,drizzle,False
2025-02-22,12.8,7.7,3.6,0.0,0.0,11962.9,37973.6,100,13.0,3,bedeckt,3.3230277777777775,10.548222222222222,none,cloudy,True
2025-02-23,12.9,8.2,5.4,0.0,0.0,33480.57,38195.79,38,9.6,3,bedeckt,9.300158333333334,10.609941666666668,none,sunny,True
2025-02-24,10.2,6.7,2.7,3.0,6.0,7421.99,38419.0,99,12.3,53,"Niesel, mäßig",2.061663888888889,10.671944444444444,moderate,drizzle,False
2025-02-25,11.2,7.8,5.5,8.6,9.0,636.67,38643.06,97,7.6,61,"Regen, leicht",0.17685277777777778,10.734183333333332,moderate,rainy,False
2025-02-26,7.9,6.0,2.9,3.3,8.0,13049.73,38867.79,92,19.3,55,"Niesel, stark",3.6249249999999997,10.796608333333333,moderate,drizzle,False
2025-02-27,8.3,4.7,1.5,5.9,15.0,30647.36,39093.0,89,13.1,55,"Niesel, stark",8.513155555555556,10.859166666666667,moderate,drizzle,False
2025-02-28,5.9,2.9,0.5,4.2,11.0,21061.37,39318.55,74,14.0,75,"Schnee, stark",5.850380555555556,10.921819444444445,moderate,snow,False
2025-03-01,6.3,3.5,0.8,0.1,1.0,16084.62,39544.25,62,13.0,51,"Niesel, leicht",4.46795,10.98451388888889,light,drizzle,False
2025-03-02,8.0,3.8,0.9,0.0,0.0,34766.37,39769.95,29,9.8,3,bedeckt,9.657325,11.047208333333332,none,sunny,True
2025-03-03,9.9,4.0,0.3,0.0,0.0,36091.43,39995.49,49,7.9,3,bedeckt,10.025397222222223,11.109858333333333,none,partly_cloudy,True
2025-03-04,10.9,5.2,1.5,0.0,0.0,32541.88,40220.69,66,6.0,3,bedeckt,9.03941111111111,11.17241388888889,none,partly_cloudy,True
2025-03-05,11.7,6.0,1.4,0.0,0.0,36628.84,40445.41,0,5.1,0,klar,10.174677777777777,11.234836111111113,none,sunny,True
2025-03-06,13.1,7.0,1.2,0.0,0.0,36860.63,40669.48,6,5.3,3,bedeckt,10.239063888888888,11.297077777777778,none,sunny,True
2025-03-07,14.2,8.1,2.8,0.0,0.0,36020.61,40892.76,55,6.7,3,bedeckt,10.005725,11.3591,none,partly_cloudy,True
2025-03-08,15.9,9.3,4.8,0.0,0.0,37320.49,41115.34,33,8.4,3,bedeckt,10.366802777777778,11.420927777777777,none,sunny,True
2025-03-09,16.7,10.3,5.8,0.0,0.0,37550.27,41338.92,17,9.6,3,bedeckt,10.430630555555554,11.483033333333333,none,sunny,True
2025-03-10,15.9,10.0,5.0,0.0,0.0,36057.41,41563.72,67,11.6,3,bedeckt,10.015947222222223,11.545477777777778,none,partly_cloudy,True
2025-03-11,12.7,7.8,4.8,4.3,8.0,19947.56,41789.59,88,10.3,63,"Regen, mäßig",5.540988888888889,11.608219444444444,moderate,rainy,False
2025-03-12,7.6,5.9,4.2,0.0,0.0,499.31,42016.39,100,10.3,3,bedeckt,0.13869722222222222,11.671219444444445,none,cloudy,True
2025-03-13,7.8,4.7,3.4,2.0,9.0,13932.72,42243.97,100,12.6,51,"Niesel, leicht",3.8701999999999996,11.734436111111112,moderate,drizzle,False
2025-03-14,7.7,4.6,0.9,2.6,6.0,30496.58,42472.2,77,15.8,71,"Schnee, leicht",8.471272222222222,11.797833333333333,moderate,snow,False
2025-03-15,8.1,4.6,2.3,0.0,0.0,21411.63,42700.93,77,22.8,3,bedeckt,5.947675,11.861369444444444,none,cloudy,True
2025-03-16,9.5,4.6,0.8,0.0,0.0,39092.3,42930.02,2,16.2,0,klar,10.858972222222222,11.925005555555554,none,sunny,True
2025-03-17,7.8,3.6,-0.3,0.1,1.0,35454.75,43159.34,24,18.0,51,"Niesel, leicht",9.848541666666666,11.988705555555555,light,drizzle,False
2025-03-18,8.7,2.7,-2.1,0.0,0.0,39367.8,43388.75,0,12.9,0,klar,10.935500000000001,12.052430555555556,none,sunny,True
2025-03-19,11.3,4.7,-0.7,0.0,0.0,39537.55,43618.11,0,7.3,0,klar,10.982652777777778,12.116141666666667,none,sunny,True
2025-03-20,15.0,8.6,2.6,0.0,0.0,39600.0,43847.27,4,9.2,1,überwiegend klar,11.0,12.179797222222222,none,sunny,True
2025-03-21,19.8,12.0,6.0,0.0,0.0,39646.98,44076.12,48,15.2,3,bedeckt,11.013050000000002,12.243366666666667,none,partly_cloudy,True
2025-03-22,16.6,11.2,7.7,0.1,1.0,22291.22,44304.5,81,13.1,51,"Niesel, leicht",6.192005555555556,12.306805555555556,light,drizzle,False
2025-03-23,15.5,10.7,7.5,6.7,9.0,23922.23,44532.28,99,14.3,63,"Regen, mäßig",6.645063888888889,12.370077777777777,moderate,rainy,False
2025-03-24,16.6,11.3,6.8,0.5,3.0,39600.0,44759.31,51,11.0,51,"Niesel, leicht",11.0,12.433141666666666,light,drizzle,False
2025-03-25,14.3,9.6,6.9,0.0,0.0,38578.49,44985.46,63,12.7,3,bedeckt,10.716247222222222,12.49596111111111,none,partly_cloudy,True
2025-03-26,11.8,8.8,5.9,1.2,4.0,16606.9,45210.58,66,12.4,53,"Niesel, mäßig",4.613027777777778,12.558494444444445,light,drizzle,False
2025-03-27,13.7,8.4,3.8,0.0,0.0,40636.62,45434.54,1,11.5,0,klar,11.28795,12.620705555555556,none,sunny,True
2025-03-28,15.2,9.0,3.6,0.0,0.0,40764.52,45657.4,20,11.5,3,bedeckt,11.323477777777777,12.682611111111111,none,sunny,True
2025-03-29,13.4,9.3,4.4,0.0,0.0,26333.68,45880.75,65,21.2,3,bedeckt,7.314911111111111,12.744652777777778,none,partly_cloudy,True
2025-03-30,12.4,7.5,3.3,0.2,2.0,21469.46,46104.81,63,23.2,51,"Niesel, leicht",5.963738888888889,12.806891666666665,light,drizzle,False
2025-03-31,11.4,8.2,5.8,0.0,0.0,34519.17,46329.43,70,19.5,3,bedeckt,9.588658333333333,12.86928611111111,none,cloudy,True
2025-04-01,11.0,7.3,3.6,0.3,2.0,40774.79,46554.49,29,23.3,51,"Niesel, leicht",11.326330555555556,12.931802777777778,light,drizzle,False
2025-04-02,16.0,10.4,5.3,0.0,0.0,37924.34,46779.86,28,26.6,3,bedeckt,10.534538888888887,12.994405555555556,none,sunny,True
2025-04-03,18.3,12.4,7.3,0.0,0.0,43233.05,47005.41,6,14.8,2,teilweise bewölkt,12.009180555555556,13.057058333333334,none,sunny,True
2025-04-04,19.3,13.2,7.8,0.0,0.0,43453.86,47231.0,0,10.6,0,klar,12.070516666666666,13.119722222222222,none,sunny,True
2025-04-05,18.1,12.6,7.3,0.0,0.0,38604.45,47456.51,34,17.5,3,bedeckt,10.723458333333333,13.18236388888889,none,sunny,True
2025-04-06,9.0,5.3,1.7,0.0,0.0,43893.88,47681.78,1,16.2,0,klar,12.192744444444443,13.244938888888889,none,sunny,True
2025-04-07,11.4,5.7,0.5,0.0,0.0,44112.82,47906.69,2,10.5,0,klar,12.253561111111111,13.30741388888889,none,sunny,True
2025-04-08,14.2,8.6,3.3,0.0,0.0,44330.88,48131.09,42,9.3,3,bedeckt,12.314133333333332,13.369747222222221,none,partly_cloudy,True
2025-04-09,16.1,10.1,4.2,0.0,0.0,44547.9,48354.83,46,11.7,3,bedeckt,12.374416666666667,13.431897222222222,none,partly_cloudy,True
2025-04-10,12.3,8.0,3.7,0.0,0.0,29035.91,48577.78,62,10.1,3,bedeckt,8.065530555555556,13.493827777777778,none,partly_cloudy,True
2025-04-11,18.0,10.2,3.1,0.0,0.0,44978.32,48799.77,41,10.5,3,bedeckt,12.493977777777777,13.555491666666665,none,partly_cloudy,True
2025-04-12,21.4,14.0,7.7,0.0,0.0,45191.43,49020.66,41,11.3,3,bedeckt,12.553175,13.616850000000001,none,partly_cloudy,True
2025-04-13,18.0,14.5,11.3,1.0,8.0,41288.2,49240.29,78,24.1,51,"Niesel, leicht",11.468944444444444,13.677858333333333,light,drizzle,False
2025-04-14,19.1,13.8,7.9,0.0,0.0,45612.7,49458.49,38,8.7,3,bedeckt,12.670194444444444,13.738469444444444,none,sunny,True
2025-04-15,19.7,14.5,11.4,1.9,7.0,32146.15,49675.11,70,18.0,53,"Niesel, mäßig",8.929486111111112,13.798641666666667,light,drizzle,False
2025-04-16,21.9,13.6,9.6,1.6,2.0,42194.27,49889.96,78,20.2,61,"Regen, leicht",11.720630555555555,13.858322222222222,light,rainy,False
2025-04-17,12.8,10.4,8.8,5.0,5.0,0.0,50103.12,98,18.8,61,"Regen, leicht",0.0,13.917533333333335,moderate,rainy,False
2025-04-18,10.8,8.8,7.3,1.6,5.0,1911.17,50316.13,100,13.8,53,"Niesel, mäßig",0.5308805555555556,13.976702777777778,light,drizzle,False
2025-04-19,16.1,11.4,7.3,0.0,0.0,43238.22,50529.18,77,9.0,3,bedeckt,12.010616666666667,14.035883333333333,none,cloudy,True
2025-04-20,20.2,13.3,8.7,1.4,4.0,41102.61,50742.12,28,21.0,53,"Niesel, mäßig",11.417391666666667,14.095033333333333,light,drizzle,False
2025-04-21,15.4,10.6,5.6,0.5,3.0,39226.32,50954.81,53,17.6,51,"Niesel, leicht",10.8962,14.154113888888888,light,drizzle,False
2025-04-22,16.2,10.9,5.8,3.7,7.0,43092.77,51167.1,69,10.5,61,"Regen, leicht",11.970213888888887,14.213083333333334,moderate,rainy,False
2025-04-23,17.8,12.8,8.4,7.3,10.0,33813.98,51378.82,79,10.4,61,"Regen, leicht",9.392772222222224,14.271894444444444,moderate,rainy,False
2025-04-24,13.8,10.8,7.6,17.4,20.0,21959.05,51589.83,88,7.4,63,"Regen, mäßig",6.099736111111111,14.330508333333334,heavy,rainy,False
2025-04-25,15.4,11.2,7.3,0.6,4.0,27242.49,51799.97,70,14.7,51,"Niesel, leicht",7.567358333333334,14.388880555555556,light,drizzle,False
2025-04-26,17.8,12.5,7.3,0.0,0.0,45459.77,52009.06,45,16.2,3,bedeckt,12.627713888888888,14.44696111111111,none,partly_cloudy,True
2025-04-27,18.2,13.1,8.8,0.0,0.0,46818.84,52216.93,80,12.2,3,bedeckt,13.005233333333333,14.504702777777778,none,cloudy,True
2025-04-28,20.1,14.1,7.3,0.0,0.0,47106.39,52423.42,26,11.1,2,teilweise bewölkt,13.085108333333332,14.562061111111111,none,sunny,True
2025-04-29,21.6,15.7,9.2,0.0,0.0,47531.95,52628.33,26,11.4,3,bedeckt,13.203319444444444,14.618980555555556,none,sunny,True
2025-04-30,24.2,17.9,12.3,0.0,0.0,47607.88,52831.48,17,9.4,2,teilweise bewölkt,13.22441111111111,14.675411111111112,none,sunny,True
2025-05-01,27.0,19.7,12.7,0.0,0.0,47746.91,53032.68,4,10.7,1,überwiegend klar,13.263030555555556,14.731300000000001,none,sunny,True
2025-05-02,27.5,20.5,13.8,0.0,0.0,47891.96,53231.74,31,17.4,3,bedeckt,13.303322222222222,14.786594444444443,none,sunny,True
2025-05-03,23.0,17.5,12.6,7.3,6.0,44281.76,53428.45,79,21.0,63,"Regen, mäßig",12.30048888888889,14.84123611111111,moderate,rainy,False
2025-05-04,13.5,11.0,7.9,0.4,1.0,33818.5,53622.6,57,12.4,51,"Niesel, leicht",9.394027777777778,14.895166666666666,light,drizzle,False
2025-05-05,13.4,10.0,6.4,0.0,0.0,44176.34,53813.98,62,19.7,3,bedeckt,12.271205555555554,14.948327777777779,none,partly_cloudy,True
2025-05-06,14.5,10.7,6.3,0.0,0.0,47867.37,54002.37,58,17.5,3,bedeckt,13.296491666666668,15.000658333333334,none,partly_cloudy,True
2025-05-07,15.7,11.8,7.2,0.0,0.0,37449.61,54187.78,64,18.8,3,bedeckt,10.402669444444445,15.052161111111111,none,partly_cloudy,True
2025-05-08,16.4,11.9,7.8,0.0,0.0,44519.21,54371.65,47,21.1,3,bedeckt,12.366447222222222,15.103236111111112,none,partly_cloudy,True
2025-05-09,19.1,13.1,7.1,0.0,0.0,49184.34,54554.15,32,17.7,3,bedeckt,13.662316666666666,15.153930555555556,none,sunny,True
2025-05-10,21.0,14.7,7.3,0.0,0.0,50018.0,54735.1,7,10.6,1,überwiegend klar,13.893888888888888,15.204194444444443,none,sunny,True
2025-05-11,24.3,17.3,10.0,0.0,0.0,50124.8,54914.34,11,15.1,3,bedeckt,13.923555555555556,15.253983333333332,none,sunny,True
2025-05-12,22.0,16.7,10.6,0.0,0.0,50353.11,55091.7,5,17.4,1,überwiegend klar,13.986975000000001,15.303249999999998,none,sunny,True
2025-05-13,22.5,16.7,10.4,0.0,0.0,50586.42,55266.99,1,14.3,0,klar,14.051783333333333,15.351941666666667,none,sunny,True
2025-05-14,24.7,18.3,11.1,0.0,0.0,50824.32,55440.04,36,14.3,3,bedeckt,14.117866666666666,15.40001111111111,none,sunny,True
2025-05-15,18.5,14.7,10.3,0.0,0.0,49757.7,55610.64,36,18.4,3,bedeckt,13.821583333333333,15.4474,none,sunny,True
2025-05-16,18.9,14.0,7.0,5.5,2.0,45681.87,55778.63,43,15.7,63,"Regen, mäßig",12.689408333333335,15.494063888888888,moderate,rainy,False
2025-05-17,18.2,13.7,7.6,0.0,0.0,51127.62,55943.79,43,14.8,3,bedeckt,14.202116666666667,15.539941666666667,none,partly_cloudy,True
2025-05-18,16.3,12.9,8.7,0.0,0.0,50049.0,56105.92,43,13.6,3,bedeckt,13.9025,15.584977777777777,none,partly_cloudy,True
2025-05-19,21.3,15.2,7.7,0.0,0.0,51917.69,56264.83,6,12.1,1,überwiegend klar,14.421580555555556,15.629119444444445,none,sunny,True
2025-05-20,22.6,17.4,11.2,0.0,0.0,51242.52,56420.3,56,10.7,3,bedeckt,14.234033333333333,15.672305555555557,none,partly_cloudy,True
2025-05-21,22.6,17.2,11.4,0.2,1.0,44640.96,56572.1,88,14.7,51,"Niesel, leicht",12.400266666666667,15.714472222222222,light,drizzle,False
2025-05-22,15.7,13.4,9.8,0.0,0.0,48725.67,56720.03,45,18.6,3,bedeckt,13.534908333333332,15.755563888888888,none,partly_cloudy,True
2025-05-23,14.7,10.4,5.1,0.0,0.0,34346.34,56863.87,42,16.4,3,bedeckt,9.54065,15.795519444444444,none,partly_cloudy,True
2025-05-24,17.3,11.2,4.3,3.4,7.0,23150.81,57003.38,72,18.0,55,"Niesel, stark",6.430780555555556,15.834272222222221,moderate,drizzle,False
2025-05-25,20.5,14.3,10.0,4.4,16.0,27636.57,57138.34,85,22.3,53,"Niesel, mäßig",7.676825,15.87176111111111,moderate,drizzle,False
2025-05-26,18.4,14.6,10.7,0.2,2.0,43642.25,57268.52,69,16.8,51,"Niesel, leicht",12.122847222222223,15.907922222222222,light,drizzle,False
2025-05-27,19.8,15.1,10.2,2.7,5.0,20332.4,57393.85,90,21.3,53,"Niesel, mäßig",5.64788888888889,15.942736111111111,moderate,drizzle,False
2025-05-28,18.1,15.0,12.4,25.6,19.0,33292.24,57515.37,73,20.9,63,"Regen, mäßig",9.247844444444445,15.976491666666668,heavy,rainy,False
2025-05-29,18.8,14.7,10.1,0.6,4.0,19954.47,57633.17,87,14.6,51,"Niesel, leicht",5.542908333333334,16.009213888888887,light,drizzle,False
2025-05-30,26.0,20.2,13.9,0.0,0.0,52324.13,57747.15,40,15.3,3,bedeckt,14.534480555555556,16.040875,none,partly_cloudy,True
2025-05-31,26.8,20.6,15.5,0.7,2.0,37874.07,57857.14,69,16.8,53,"Niesel, mäßig",10.520575,16.071427777777778,light,drizzle,False
2025-06-01,22.4,18.9,15.7,10.5,12.0,36593.57,57963.03,92,19.7,63,"Regen, mäßig",10.164880555555555,16.100841666666668,heavy,rainy,False
2025-06-02,20.7,16.6,12.5,0.8,5.0,45520.05,58064.67,73,9.7,51,"Niesel, leicht",12.644458333333334,16.129075,light,drizzle,False
2025-06-03,21.9,16.8,10.6,0.0,0.0,53484.3,58161.93,27,13.4,3,bedeckt,14.856750000000002,16.15609166666667,none,sunny,True
2025-06-04,18.4,16.3,13.9,20.0,17.0,956.14,58254.68,92,15.3,63,"Regen, mäßig",0.26559444444444447,16.181855555555554,heavy,rainy,False
2025-06-05,19.3,16.5,14.2,1.3,6.0,40345.2,58342.78,85,21.9,53,"Niesel, mäßig",11.206999999999999,16.206327777777776,light,drizzle,False
2025-06-06,19.9,16.7,14.4,16.6,14.0,31620.71,58426.1,80,21.5,65,"Regen, stark",8.783530555555556,16.22947222222222,heavy,rainy,False
2025-06-07,19.5,16.0,13.6,1.9,8.0,39714.11,58504.5,74,22.4,53,"Niesel, mäßig",11.031697222222222,16.25125,light,drizzle,False
2025-06-08,17.0,14.1,9.9,2.5,14.0,46521.2,58577.87,45,23.1,53,"Niesel, mäßig",12.922555555555554,16.271630555555557,moderate,drizzle,False
2025-06-09,18.2,13.7,7.8,0.0,0.0,46835.21,58646.04,49,12.1,3,bedeckt,13.009780555555555,16.290566666666667,none,partly_cloudy,True
2025-06-10,22.4,16.4,10.6,0.2,2.0,40186.99,58708.91,75,22.6,51,"Niesel, leicht",11.163052777777777,16.308030555555558,light,drizzle,False
2025-06-11,20.5,16.1,10.9,0.0,0.0,53837.78,58766.34,18,11.2,3,bedeckt,14.954938888888888,16.32398333333333,none,sunny,True
2025-06-12,26.3,19.5,12.0,0.0,0.0,53871.75,58818.21,13,13.1,3,bedeckt,14.964375,16.338391666666666,none,sunny,True
2025-06-13,30.2,23.2,15.7,0.0,0.0,53903.11,58864.4,32,12.5,3,bedeckt,14.973086111111112,16.351222222222223,none,sunny,True
2025-06-14,31.4,24.1,17.8,0.0,0.0,53931.74,58904.79,27,13.8,3,bedeckt,14.981038888888888,16.362441666666665,none,sunny,True
2025-06-15,25.6,19.9,17.0,8.2,7.0,22687.02,58939.25,83,14.6,63,"Regen, mäßig",6.30195,16.37201388888889,moderate,rainy,False
2025-06-16,22.6,18.5,13.4,0.1,1.0,53980.76,58967.73,29,11.6,51,"Niesel, leicht",14.994655555555557,16.379925,light,drizzle,False
2025-06-17,25.8,20.3,13.9,0.0,0.0,54000.0,58990.41,32,7.3,3,bedeckt,15.0,16.386225,none,sunny,True
2025-06-18,27.3,21.7,14.6,0.0,0.0,54000.0,59007.36,56,11.2,3,bedeckt,15.0,16.390933333333333,none,partly_cloudy,True
2025-06-19,27.5,21.3,16.8,0.0,0.0,54000.0,59018.61,3,16.0,1,überwiegend klar,15.0,16.394058333333334,none,sunny,True
2025-06-20,25.1,19.5,13.2,0.0,0.0,54000.0,59024.17,5,12.9,1,überwiegend klar,15.0,16.39560277777778,none,sunny,True
2025-06-21,29.2,22.4,15.0,0.0,0.0,54000.0,59024.1,43,11.0,3,bedeckt,15.0,16.395583333333335,none,partly_cloudy,True
2025-06-22,33.0,25.7,16.9,0.0,0.0,51425.24,59018.4,38,14.3,3,bedeckt,14.284788888888889,16.394000000000002,none,sunny,True
2025-06-23,25.2,22.0,17.9,0.5,3.0,54000.0,59007.16,57,29.3,51,"Niesel, leicht",15.0,16.390877777777778,light,drizzle,False
2025-06-24,26.8,20.1,12.5,0.0,0.0,54000.0,58990.38,23,18.7,3,bedeckt,15.0,16.386216666666666,none,sunny,True
2025-06-25,31.6,25.0,18.1,0.0,0.0,54000.0,58968.13,28,13.6,3,bedeckt,15.0,16.38003611111111,none,sunny,True
2025-06-26,27.2,22.6,19.3,5.1,9.0,50918.1,58940.46,54,26.4,61,"Regen, leicht",14.143916666666666,16.37235,moderate,rainy,False
2025-06-27,23.6,20.4,18.1,1.7,4.0,27430.25,58907.41,65,18.4,53,"Niesel, mäßig",7.619513888888889,16.363169444444445,light,drizzle,False
2025-06-28,29.8,23.4,16.6,0.0,0.0,54000.0,58869.07,14,13.8,2,teilweise bewölkt,15.0,16.352519444444443,none,sunny,True
2025-06-29,31.3,25.1,17.6,0.0,0.0,54000.0,58825.48,21,12.7,3,bedeckt,15.0,16.340411111111113,none,sunny,True
2025-06-30,31.6,26.0,19.4,0.0,0.0,54000.0,58776.71,12,11.0,2,teilweise bewölkt,15.0,16.326863888888887,none,sunny,True
2025-07-01,34.9,28.1,20.8,0.0,0.0,54000.0,58722.82,2,11.4,0,klar,15.0,16.311894444444444,none,sunny,True
2025-07-02,36.4,29.9,21.5,0.0,0.0,54000.0,58663.9,9,18.9,2,teilweise bewölkt,15.0,16.295527777777778,none,sunny,True
2025-07-03,25.7,22.4,18.6,0.1,1.0,52702.58,58600.01,32,18.4,51,"Niesel, leicht",14.639605555555557,16.277780555555555,light,drizzle,False
2025-07-04,26.4,21.3,14.9,0.0,0.0,53962.33,58531.21,33,10.1,3,bedeckt,14.98953611111111,16.258669444444443,none,sunny,True
2025-07-05,28.9,22.1,13.5,0.0,0.0,50109.12,58457.62,70,14.6,3,bedeckt,13.9192,16.23822777777778,none,cloudy,True
2025-07-06,21.3,18.0,15.2,3.1,8.0,12648.41,58379.16,94,19.8,53,"Niesel, mäßig",3.513447222222222,16.216433333333335,moderate,drizzle,False
2025-07-07,19.7,16.5,14.2,8.6,17.0,24523.73,58295.1,96,14.8,63,"Regen, mäßig",6.812147222222222,16.193083333333334,moderate,rainy,False
2025-07-08,18.9,15.2,11.4,1.3,10.0,51352.9,58205.46,46,13.2,51,"Niesel, leicht",14.264694444444444,16.16818333333333,light,drizzle,False
2025-07-09,20.9,16.8,12.4,0.0,0.0,43898.21,58110.46,61,14.1,3,bedeckt,12.193947222222222,16.141794444444443,none,partly_cloudy,True
2025-07-10,26.5,19.3,11.3,0.0,0.0,53502.52,58010.28,28,15.9,3,bedeckt,14.86181111111111,16.113966666666666,none,sunny,True
2025-07-11,25.3,19.9,15.7,0.3,3.0,49382.93,57905.11,76,16.1,51,"Niesel, leicht",13.717480555555555,16.084752777777776,light,drizzle,False
2025-07-12,25.0,20.6,16.1,0.0,0.0,47312.02,57795.16,71,14.2,3,bedeckt,13.142227777777777,16.054211111111112,none,cloudy,True
2025-07-13,26.0,21.4,15.5,0.4,1.0,53209.76,57680.63,40,11.7,51,"Niesel, leicht",14.78048888888889,16.02239722222222,light,drizzle,False
2025-07-14,26.4,20.5,16.2,10.7,5.0,45857.36,57561.71,61,16.2,63,"Regen, mäßig",12.738155555555556,15.989363888888889,heavy,rainy,False
2025-07-15,23.6,19.6,16.4,0.1,1.0,49972.78,57438.59,63,16.1,51,"Niesel, leicht",13.881327777777777,15.955163888888888,light,drizzle,False
2025-07-16,22.7,17.5,14.4,2.3,8.0,40010.47,57311.47,59,22.0,53,"Niesel, mäßig",11.114019444444445,15.919852777777779,moderate,drizzle,False
2025-07-17,23.1,18.3,14.5,0.2,2.0,46127.33,57180.54,53,14.8,51,"Niesel, leicht",12.813147222222224,15.883483333333334,light,drizzle,False
2025-07-18,26.9,20.5,12.5,0.0,0.0,52643.08,57045.97,54,9.8,3,bedeckt,14.623077777777779,15.846102777777778,none,partly_cloudy,True
2025-07-19,31.4,23.3,16.3,0.0,0.0,38740.23,56907.98,57,17.2,3,bedeckt,10.761175000000001,15.807772222222223,none,partly_cloudy,True
2025-07-20,29.0,21.9,16.9,6.0,2.0,41969.79,56766.71,67,19.9,63,"Regen, mäßig",11.658275,15.768530555555555,moderate,rainy,False
2025-07-21,22.6,18.9,16.8,4.5,8.0,19784.9,56622.38,91,18.8,61,"Regen, leicht",5.495805555555556,15.728438888888888,moderate,rainy,False
2025-07-22,22.0,17.9,15.4,7.8,17.0,44545.6,56475.13,58,19.9,63,"Regen, mäßig",12.373777777777777,15.687536111111111,moderate,rainy,False
2025-07-23,22.7,18.7,14.3,0.3,2.0,45533.91,56325.15,59,14.1,51,"Niesel, leicht",12.648308333333334,15.645875,light,drizzle,False
2025-07-24,23.4,19.1,14.5,2.6,4.0,38770.41,56172.61,75,9.3,61,"Regen, leicht",10.769558333333334,15.603502777777777,moderate,rainy,False
2025-07-25,24.5,19.8,14.4,4.8,8.0,50168.84,56017.67,47,11.1,63,"Regen, mäßig",13.935788888888888,15.560463888888888,moderate,rainy,False
2025-07-26,24.6,20.5,16.5,0.9,7.0,43740.44,55860.29,32,9.1,51,"Niesel, leicht",12.150122222222222,15.516747222222222,light,drizzle,False
2025-07-27,21.1,18.1,15.1,16.6,17.0,24674.12,55699.14,96,10.0,63,"Regen, mäßig",6.853922222222222,15.471983333333332,heavy,rainy,False
2025-07-28,20.5,17.0,14.4,1.6,10.0,41749.73,55534.19,68,17.3,51,"Niesel, leicht",11.597147222222222,15.42616388888889,light,drizzle,False
2025-07-29,20.6,16.4,13.6,4.8,7.0,38445.11,55365.64,67,12.9,63,"Regen, mäßig",10.679197222222223,15.379344444444444,moderate,rainy,False
2025-07-30,20.9,17.3,14.6,2.3,8.0,38431.67,55193.73,83,13.0,53,"Niesel, mäßig",10.675463888888888,15.331591666666668,moderate,drizzle,False
2025-07-31,22.6,17.1,12.3,4.3,9.0,28527.36,55018.7,83,14.0,61,"Regen, leicht",7.924266666666667,15.282972222222222,moderate,rainy,False
2025-08-01,21.4,17.7,14.2,4.2,10.0,48334.42,54840.73,70,13.1,55,"Niesel, stark",13.426227777777777,15.233536111111112,moderate,drizzle,False
2025-08-02,20.8,16.6,13.4,0.7,4.0,40541.63,54660.07,71,14.4,51,"Niesel, leicht",11.261563888888888,15.183352777777777,light,drizzle,False
2025-08-03,20.1,15.9,13.6,1.5,4.0,10846.91,54476.9,95,12.8,53,"Niesel, mäßig",3.0130305555555554,15.132472222222223,light,drizzle,False
2025-08-04,23.5,18.1,13.8,5.5,12.0,22968.31,54291.44,91,12.4,61,"Regen, leicht",6.380086111111112,15.080955555555557,moderate,rainy,False
2025-08-05,22.1,18.1,13.7,5.2,9.0,26406.25,54103.88,50,16.0,61,"Regen, leicht",7.335069444444445,15.028855555555555,moderate,rainy,False
2025-08-06,21.5,16.4,10.4,0.0,0.0,48860.09,53914.41,39,8.3,3,bedeckt,13.572247222222222,14.976225000000001,none,sunny,True
2025-08-07,24.9,18.5,12.4,0.1,1.0,40869.33,53723.21,61,9.8,51,"Niesel, leicht",11.352591666666667,14.923113888888889,light,drizzle,False
2025-08-08,28.7,21.8,15.7,0.1,1.0,47418.92,53530.48,47,11.5,51,"Niesel, leicht",13.171922222222221,14.869577777777778,light,drizzle,False
2025-08-09,30.8,23.6,18.6,0.0,0.0,29324.22,53336.38,58,15.2,3,bedeckt,8.145616666666667,14.81566111111111,none,partly_cloudy,True
2025-08-10,25.8,21.1,15.3,0.0,0.0,47801.12,53141.1,1,13.2,0,klar,13.27808888888889,14.761416666666666,none,sunny,True
2025-08-11,27.3,21.6,15.8,0.0,0.0,47667.08,52944.79,0,12.6,0,klar,13.240855555555555,14.706886111111112,none,sunny,True
2025-08-12,30.8,23.5,16.0,0.0,0.0,47371.29,52747.62,0,10.0,0,klar,13.158691666666668,14.652116666666668,none,sunny,True
2025-08-13,33.1,26.5,19.8,0.0,0.0,47112.89,52549.74,10,7.2,3,bedeckt,13.086913888888889,14.59715,none,sunny,True
2025-08-14,34.1,27.9,21.3,0.0,0.0,46958.28,52351.32,22,6.3,3,bedeckt,13.043966666666666,14.542033333333332,none,sunny,True
2025-08-15,32.4,26.4,21.0,0.0,0.0,46800.0,52152.26,23,14.2,3,bedeckt,13.0,14.486738888888889,none,sunny,True
2025-08-16,27.8,22.6,18.7,0.0,0.0,46800.0,51951.11,13,14.3,3,bedeckt,13.0,14.430863888888888,none,sunny,True
2025-08-17,24.9,18.2,13.2,0.0,0.0,45004.3,51747.72,39,16.0,3,bedeckt,12.501194444444446,14.374366666666667,none,sunny,True
2025-08-18,25.1,19.3,13.3,0.0,0.0,46800.0,51542.28,3,11.1,1,überwiegend klar,13.0,14.3173,none,sunny,True
2025-08-19,28.3,22.2,15.8,0.0,0.0,46800.0,51334.98,16,11.1,3,bedeckt,13.0,14.259716666666668,none,sunny,True
2025-08-20,27.5,22.1,15.5,0.0,0.0,39663.81,51125.99,60,16.1,3,bedeckt,11.017724999999999,14.201663888888888,none,partly_cloudy,True
2025-08-21,26.1,20.9,15.3,0.0,0.0,46800.0,50915.48,67,18.0,3,bedeckt,13.0,14.14318888888889,none,partly_cloudy,True
2025-08-22,20.6,16.7,12.4,0.0,0.0,44896.64,50703.62,51,16.8,3,bedeckt,12.471288888888889,14.08433888888889,none,partly_cloudy,True
2025-08-23,18.7,15.2,11.5,0.0,0.0,26539.86,50490.58,56,17.3,3,bedeckt,7.372183333333333,14.025161111111112,none,partly_cloudy,True
2025-08-24,20.9,15.3,8.7,0.0,0.0,46376.51,50276.52,19,9.9,2,teilweise bewölkt,12.88236388888889,13.965699999999998,none,sunny,True
2025-08-25,22.4,16.0,8.4,0.0,0.0,46171.3,50061.58,39,9.6,3,bedeckt,12.825361111111112,13.905994444444445,none,sunny,True
2025-08-26,26.6,19.3,11.1,1.2,1.0,42947.96,49845.92,72,10.8,55,"Niesel, stark",11.92998888888889,13.846088888888888,light,drizzle,False
2025-08-27,26.3,20.8,16.2,3.2,5.0,41675.98,49629.7,50,16.9,61,"Regen, leicht",11.576661111111113,13.786027777777777,moderate,rainy,False
2025-08-28,22.0,18.3,15.6,9.6,18.0,2580.3,49413.04,97,15.3,61,"Regen, leicht",0.71675,13.725844444444444,moderate,rainy,False
2025-08-29,21.3,17.8,15.0,1.3,9.0,41251.49,49196.11,58,17.1,51,"Niesel, leicht",11.458747222222222,13.66558611111111,light,drizzle,False
2025-08-30,20.2,16.5,12.9,0.9,3.0,34471.28,48979.02,52,13.8,53,"Niesel, mäßig",9.575355555555555,13.605283333333333,light,drizzle,False
2025-08-31,22.7,17.5,12.2,0.0,0.0,36614.79,48761.93,40,13.6,3,bedeckt,10.170775,13.544980555555556,none,partly_cloudy,True
2025-09-01,20.2,17.4,15.4,1.1,5.0,11141.95,48544.95,94,13.1,51,"Niesel, leicht",3.0949861111111114,13.484708333333332,light,drizzle,False
2025-09-02,20.4,16.4,12.5,0.6,4.0,42631.45,48328.23,63,13.4,51,"Niesel, leicht",11.842069444444444,13.424508333333334,light,drizzle,False
2025-09-03,22.2,18.2,14.4,0.3,3.0,18127.48,48111.89,80,22.0,51,"Niesel, leicht",5.035411111111111,13.364413888888889,light,drizzle,False
2025-09-04,23.4,18.6,15.2,1.0,4.0,29592.74,47895.84,63,16.8,51,"Niesel, leicht",8.220205555555555,13.3044,light,drizzle,False
2025-09-05,20.6,16.3,12.2,3.9,10.0,42681.03,47678.59,50,12.5,61,"Regen, leicht",11.855841666666667,13.244052777777776,moderate,rainy,False
2025-09-06,22.7,16.4,10.6,0.0,0.0,38047.89,47459.98,49,10.5,3,bedeckt,10.568858333333333,13.183327777777778,none,partly_cloudy,True
2025-09-07,24.5,18.0,12.1,0.0,0.0,42552.18,47240.15,66,12.8,3,bedeckt,11.82005,13.12226388888889,none,partly_cloudy,True
2025-09-08,20.0,16.8,12.8,3.5,7.0,14351.52,47019.25,79,7.7,61,"Regen, leicht",3.9865333333333335,13.060902777777779,moderate,rainy,False
2025-09-09,17.9,15.9,13.6,6.3,6.0,3452.19,46797.42,91,11.8,63,"Regen, mäßig",0.9589416666666667,12.999283333333333,moderate,rainy,False
2025-09-10,17.7,14.4,11.5,0.2,2.0,22205.72,46574.79,73,9.9,51,"Niesel, leicht",6.168255555555556,12.937441666666667,light,drizzle,False
2025-09-11,19.0,15.1,12.3,1.9,7.0,30456.61,46351.48,53,23.1,53,"Niesel, mäßig",8.460169444444444,12.875411111111111,light,drizzle,False
2025-09-12,18.0,14.0,10.9,1.5,8.0,40095.52,46127.65,42,19.0,51,"Niesel, leicht",11.137644444444444,12.813236111111111,light,drizzle,False
2025-09-13,18.4,14.3,10.6,2.0,7.0,26196.39,45903.42,93,17.2,53,"Niesel, mäßig",7.276775,12.75095,moderate,drizzle,False
2025-09-14,18.9,15.1,11.4,6.4,9.0,36000.0,45678.91,85,14.5,61,"Regen, leicht",10.0,12.688586111111112,moderate,rainy,False
2025-09-15,21.5,17.9,14.5,3.5,12.0,28678.47,45454.27,62,22.3,53,"Niesel, mäßig",7.966241666666667,12.62618611111111,moderate,drizzle,False
2025-09-16,16.9,14.3,11.8,0.6,4.0,40717.8,45229.59,46,26.1,51,"Niesel, leicht",11.310500000000001,12.563775,light,drizzle,False
2025-09-17,17.7,13.4,9.2,0.1,1.0,14514.8,45005.03,70,15.7,51,"Niesel, leicht",4.031888888888889,12.501397222222222,light,drizzle,False
2025-09-18,24.1,17.3,12.2,0.0,0.0,40436.95,44780.69,10,13.1,3,bedeckt,11.232486111111111,12.439080555555556,none,sunny,True
2025-09-19,25.3,18.5,12.4,0.0,0.0,39948.79,44556.71,14,5.5,3,bedeckt,11.096886111111111,12.376863888888888,none,sunny,True
2025-09-20,27.3,19.2,12.0,0.0,0.0,40000.59,44333.2,47,15.1,3,bedeckt,11.111275,12.314777777777778,none,partly_cloudy,True
2025-09-21,18.8,16.0,12.6,9.7,15.0,482.17,44110.3,98,15.0,61,"Regen, leicht",0.13393611111111112,12.252861111111113,moderate,rainy,False
2025-09-22,14.3,11.6,9.8,5.9,16.0,4828.15,43888.12,99,22.9,53,"Niesel, mäßig",1.3411527777777776,12.191144444444445,moderate,drizzle,False
2025-09-23,15.6,12.1,9.0,0.1,1.0,39131.78,43666.79,76,23.6,51,"Niesel, leicht",10.869938888888889,12.129663888888889,light,drizzle,False
2025-09-24,12.7,10.8,9.6,20.5,11.0,1094.18,43446.19,100,22.1,63,"Regen, mäßig",0.3039388888888889,12.068386111111112,heavy,rainy,False
2025-09-25,9.7,9.1,8.6,12.9,20.0,0.0,43224.81,100,20.0,63,"Regen, mäßig",0.0,12.006891666666666,heavy,rainy,False
2025-09-26,14.6,11.0,8.9,2.7,4.0,20394.0,43002.47,92,13.0,55,"Niesel, stark",5.665,11.945130555555556,moderate,drizzle,False
2025-09-27,16.1,12.4,10.2,1.1,7.0,26971.53,42779.3,70,7.6,51,"Niesel, leicht",7.492091666666666,11.88313888888889,light,drizzle,False
2025-09-28,16.8,12.7,9.8,0.1,1.0,30043.43,42555.43,45,8.1,51,"Niesel, leicht",8.345397222222223,11.820952777777778,light,drizzle,False
2025-09-29,18.4,13.8,10.2,0.2,2.0,37899.18,42331.0,58,7.4,51,"Niesel, leicht",10.52755,11.758611111111112,light,drizzle,False
2025-09-30,16.1,12.8,10.0,0.2,2.0,35945.69,42106.14,80,9.7,51,"Niesel, leicht",9.98491388888889,11.69615,light,drizzle,False
